image_path,filename,label,label_id,smear_type,source,width,height,mode,format,file_size_mb,valid,md5,error
data/thick_smears/Thick_Uninfected/Image1864.jpg,Image1864.jpg,uninfected,0,thick,thick_baseline,3840,2160,RGB,JPEG,0.8108,True,c48e2c649e8954294df2ab312bbdc4dd,
data/thick_smears/Thick_Infected/Image929.jpg,Image929.jpg,infected,1,thick,thick_baseline,3840,2160,RGB,JPEG,0.5919,True,14de599702822cab1c985927edf222e2,
data/thick_smears/Thick_Uninfected/Image1377.jpg,Image1377.jpg,uninfected,0,thick,thick_baseline,3840,2160,RGB,JPEG,1.0934,True,5ef636e595714b50139748dc308f974c,
data/thick_smears/Thick_Infected/Image19.jpg,Image19.jpg,infected,1,thick,thick_baseline,3840,2160,RGB,JPEG,0.6393,True,45ef36f91b51b3ac8af258ad7ce3d78f,
data/thick_smears/Thick_Uninfected/Image1606.jpg,Image1606.jpg,uninfected,0,thick,thick_baseline,3840,2160,RGB,JPEG,0.9455,True,29fe6f7c417fa161baa9b9400f806cec,
data/thick_smears/Thick_Infected/Image612.jpg,Image612.jpg,infected,1,thick,thick_baseline,3840,2160,RGB,JPEG,0.6353,True,b92c42baa4063ea9436e8e3d1f094634,
data/thick_smears/Thick_Infected/Image811.jpg,Image811.jpg,infected,1,thick,thick_baseline,3840,2160,RGB,JPEG,0.7593,True,a3a0060bdb0746f9a6ea750974a15aac,
data/thick_smears/Thick_Uninfected/Image1588.jpg,Image1588.jpg,uninfected,0,thick,thick_baseline,3840,2160,RGB,JPEG,0.9458,True,b14e2ff89004197ac937aac424a0cd1f,
data/thick_smears/Thick_Uninfected/Image1848.jpg,Image1848.jpg,uninfected,0,thick,thick_baseline,3840,2160,RGB,JPEG,0.8823,True,49d16a6c6fd91692b559677bcae8f2f1,
data/thick_smears/Thick_Infected/Image780.jpg,Image780.jpg,infected,1,thick,thick_baseline,3840,2160,RGB,JPEG,0.5794,True,162978c9f94ed3d68e4d6dbcfbf571ef,
data/thick_smears/Thick_Uninfected/Image2190.jpg,Image2190.jpg,uninfected,0,thick,thick_baseline,1640,922,RGBA,PNG,1.8057,True,bba88f08fd24032b16a019c9b3a9da58,
data/thick_smears/Thick_Infected/Image167.jpg,Image167.jpg,infected,1,thick,thick_baseline,3840,2160,RGB,JPEG,0.616,True,e5c555107e59f6de68f2563e58942f1d,
data/thick_smears/Thick_Infected/Image08.jpg,Image08.jpg,infected,1,thick,thick_baseline,3840,2160,RGB,JPEG,0.593,True,1e9195c6f7034b815b5df86bfec411a8,
data/thick_smears/Thick_Infected/Image895.jpg,Image895.jpg,infected,1,thick,thick_baseline,3840,2160,RGB,JPEG,0.5981,True,a0368b187bf2cbdc580db48b7ca2220c,
data/thick_smears/Thick_Uninfected/Image1728.jpg,Image1728.jpg,uninfected,0,thick,thick_baseline,3840,2160,RGB,JPEG,0.8659,True,2bbb1be0bb5d2c2614eacd15865d4d58,
data/thick_smears/Thick_Infected/Image898.jpg,Image898.jpg,infected,1,thick,thick_baseline,3840,2160,RGB,JPEG,0.632,True,eb289f1e37ccc19df9f8895e5d25f158,
data/thick_smears/Thick_Uninfected/Image2031.jpg,Image2031.jpg,uninfected,0,thick,thick_baseline,3840,2160,RGB,JPEG,0.9645,True,965750eb7cb05b1a3ef4ae0ea5ed2be3,
data/thick_smears/Thick_Infected/Image343.jpg,Image343.jpg,infected,1,thick,thick_baseline,3840,2160,RGB,JPEG,0.7354,True,e78890bf86ab9f5043be9884f0002b82,
data/thick_smears/Thick_Uninfected/Image1356.jpg,Image1356.jpg,uninfected,0,thick,thick_baseline,3840,2160,RGB,JPEG,1.0067,True,b07fa5ec6a7041d808a8a1e424ec88d5,
data/thick_smears/Thick_Infected/Image1117.jpg,Image1117.jpg,infected,1,thick,thick_baseline,1640,922,RGBA,PNG,1.6749,True,5ffe2013686436817bea7f670075aec9,
data/thick_smears/Thick_Infected/Image757.jpg,Image757.jpg,infected,1,thick,thick_baseline,3840,2160,RGB,JPEG,0.7217,True,21b00538379f6a6f11a2b21026bbf2f8,
data/thick_smears/Thick_Infected/Image844.jpg,Image844.jpg,infected,1,thick,thick_baseline,3840,2160,RGB,JPEG,0.8021,True,91ad8705b448d77912b7f463d9f33c4e,
data/thick_smears/Thick_Uninfected/Image1840.jpg,Image1840.jpg,uninfected,0,thick,thick_baseline,3840,2160,RGB,JPEG,0.829,True,d3d6dd9fda052471bd2f65a3ae7cf51a,
data/thick_smears/Thick_Uninfected/Image1580.jpg,Image1580.jpg,uninfected,0,thick,thick_baseline,3840,2160,RGB,JPEG,1.0237,True,416aa886f4c1bec4dd6349dce9116c2a,
data/thick_smears/Thick_Uninfected/Image1460.jpg,Image1460.jpg,uninfected,0,thick,thick_baseline,3840,2160,RGB,JPEG,0.9577,True,5b3ca1190b27ccd532327126a3811e56,
data/thick_smears/Thick_Uninfected/Image1770.jpg,Image1770.jpg,uninfected,0,thick,thick_baseline,3840,2160,RGB,JPEG,0.84,True,94c33f009e90213637c25b0ff057a23d,
data/thick_smears/Thick_Infected/Image741.jpg,Image741.jpg,infected,1,thick,thick_baseline,3840,2160,RGB,JPEG,0.5467,True,20e4d165df23ce9c41a3b1991a35dfbc,
data/thick_smears/Thick_Uninfected/Image1552.jpg,Image1552.jpg,uninfected,0,thick,thick_baseline,3840,2160,RGB,JPEG,0.9499,True,d99d4eaf5aadf2528cdb7a86e5945f5a,
data/thick_smears/Thick_Uninfected/Image1688.jpg,Image1688.jpg,uninfected,0,thick,thick_baseline,3840,2160,RGB,JPEG,0.9381,True,932825844ee192b8f9d614cc5424c770,
data/thick_smears/Thick_Infected/Image1138.jpg,Image1138.jpg,infected,1,thick,thick_baseline,1640,922,RGBA,PNG,1.629,True,341d04309a0707b09a52a972d06a3f7f,
data/thick_smears/Thick_Infected/Image237.jpg,Image237.jpg,infected,1,thick,thick_baseline,3840,2160,RGB,JPEG,0.6818,True,59c47a0b4e39284fd787540890d8444e,
data/thick_smears/Thick_Uninfected/Image2060.jpg,Image2060.jpg,uninfected,0,thick,thick_baseline,3840,2160,RGB,JPEG,0.8354,True,ce8c4345f30b53ebbd88faa87f275f1a,
data/thick_smears/Thick_Uninfected/Image2038.jpg,Image2038.jpg,uninfected,0,thick,thick_baseline,3840,2160,RGB,JPEG,0.8807,True,4c2783a51c88bf6fe76252869f496421,
data/thick_smears/Thick_Uninfected/Image1465.jpg,Image1465.jpg,uninfected,0,thick,thick_baseline,3840,2160,RGB,JPEG,1.0084,True,3ef97a68db6e3f5b9116243993c7556e,
data/thick_smears/Thick_Infected/Image409.jpg,Image409.jpg,infected,1,thick,thick_baseline,3840,2160,RGB,JPEG,0.6878,True,d9b04cb1449952f325b239c20e55b1d0,
data/thick_smears/Thick_Uninfected/Image1211.jpg,Image1211.jpg,uninfected,0,thick,thick_baseline,3840,2160,RGB,JPEG,0.4075,True,4c902445b7ab7cc35a6286e88a4b89e0,
data/thick_smears/Thick_Infected/Image1139.jpg,Image1139.jpg,infected,1,thick,thick_baseline,1640,922,RGBA,PNG,1.7909,True,c1083eab1e75ef171f0805063dc7863a,
data/thick_smears/Thick_Uninfected/Image1254.jpg,Image1254.jpg,uninfected,0,thick,thick_baseline,3840,2160,RGB,JPEG,0.6227,True,df25c51b17afa1f16c054e67929658fa,
data/thick_smears/Thick_Infected/Image76.jpg,Image76.jpg,infected,1,thick,thick_baseline,3840,2160,RGB,JPEG,0.4783,True,de47296e9849cce38612408d1fdc23eb,
data/thick_smears/Thick_Infected/Image1044.jpg,Image1044.jpg,infected,1,thick,thick_baseline,3840,2160,RGB,JPEG,0.5764,True,7c7452446b331d56867c4b7d654eb513,
data/thick_smears/Thick_Infected/Image719.jpg,Image719.jpg,infected,1,thick,thick_baseline,3840,2160,RGB,JPEG,0.7036,True,51aeca34bf0946237dc98a1984d84ba1,
data/thick_smears/Thick_Infected/Image301.jpg,Image301.jpg,infected,1,thick,thick_baseline,3840,2160,RGB,JPEG,0.6054,True,daa66c2ce0cc5505f7efbbbe15f8b73e,
data/thick_smears/Thick_Uninfected/Image1672.jpg,Image1672.jpg,uninfected,0,thick,thick_baseline,3840,2160,RGB,JPEG,0.9147,True,5d43e39b94569c0ae8f431b44aeb7263,
data/thick_smears/Thick_Infected/Image145.jpg,Image145.jpg,infected,1,thick,thick_baseline,3840,2160,RGB,JPEG,0.544,True,caa4fa96b10ef95407da2aed61a0e80d,
data/thick_smears/Thick_Infected/Image412.jpg,Image412.jpg,infected,1,thick,thick_baseline,3840,2160,RGB,JPEG,0.7152,True,0edc43b53ac3e84e4a94bf4c846aa578,
data/thick_smears/Thick_Infected/Image1106.jpg,Image1106.jpg,infected,1,thick,thick_baseline,1640,922,RGBA,PNG,1.7482,True,d36fb04cf16fd037913c3b2793b3e6c5,
data/thick_smears/Thick_Uninfected/Image1453.jpg,Image1453.jpg,uninfected,0,thick,thick_baseline,3840,2160,RGB,JPEG,0.7364,True,dae8dc65e72dbe0b75ea657727ecf657,
data/thick_smears/Thick_Infected/Image957.jpg,Image957.jpg,infected,1,thick,thick_baseline,3840,2160,RGB,JPEG,0.7683,True,b24f947e8e56ae021a9e07ba79a66e67,
data/thick_smears/Thick_Uninfected/Image1194.jpg,Image1194.jpg,uninfected,0,thick,thick_baseline,3840,2160,RGB,JPEG,0.3403,True,039342ed9bb225e523e9af6ab83bb9c1,
data/thick_smears/Thick_Infected/Image773.jpg,Image773.jpg,infected,1,thick,thick_baseline,3840,2160,RGB,JPEG,0.7366,True,15e7afe4bb4359a8ded4c48398059241,
data/thick_smears/Thick_Infected/Image835.jpg,Image835.jpg,infected,1,thick,thick_baseline,3840,2160,RGB,JPEG,0.7998,True,c8c4f278f5d780b059bda341f08249f6,
data/thick_smears/Thick_Uninfected/Image1601.jpg,Image1601.jpg,uninfected,0,thick,thick_baseline,3840,2160,RGB,JPEG,0.97,True,b32846f109fc171ac3f204077eed484b,
data/thick_smears/Thick_Infected/Image401.jpg,Image401.jpg,infected,1,thick,thick_baseline,3840,2160,RGB,JPEG,0.6427,True,33791f876e7e5255438d3e3f9f0fd757,
data/thick_smears/Thick_Infected/Image1042.jpg,Image1042.jpg,infected,1,thick,thick_baseline,3840,2160,RGB,JPEG,0.6066,True,8c5e784caaf73ed549df17d34d1648ed,
data/thick_smears/Thick_Uninfected/Image1305.jpg,Image1305.jpg,uninfected,0,thick,thick_baseline,3840,2160,RGB,JPEG,0.3937,True,2ccb9b42fd093900fa186d30a006c6ab,
data/thick_smears/Thick_Infected/Image222.jpg,Image222.jpg,infected,1,thick,thick_baseline,3840,2160,RGB,JPEG,0.5023,True,a6c68dae9cc966fbada1c4cafd1baed4,
data/thick_smears/Thick_Infected/Image628.jpg,Image628.jpg,infected,1,thick,thick_baseline,3840,2160,RGB,JPEG,0.5475,True,ab6bef46ccdbb2c969f8ba9eb41694b0,
data/thick_smears/Thick_Uninfected/Image1363.jpg,Image1363.jpg,uninfected,0,thick,thick_baseline,3840,2160,RGB,JPEG,0.9609,True,9ad30bb6a17dc38f663fe76dea14fa33,
data/thick_smears/Thick_Uninfected/Image2030.jpg,Image2030.jpg,uninfected,0,thick,thick_baseline,3840,2160,RGB,JPEG,0.8711,True,296f9ad67ff87e7a837dac3fb546661d,
data/thick_smears/Thick_Infected/Image397.jpg,Image397.jpg,infected,1,thick,thick_baseline,3840,2160,RGB,JPEG,0.5695,True,81ce5de22fa81fd625f5d7e2cf11d962,
data/thick_smears/Thick_Infected/Image871.jpg,Image871.jpg,infected,1,thick,thick_baseline,3840,2160,RGB,JPEG,0.6996,True,267f93938bf57232cfdf3ef49c8f7982,
data/thick_smears/Thick_Infected/Image352.jpg,Image352.jpg,infected,1,thick,thick_baseline,3840,2160,RGB,JPEG,0.6392,True,1c970e10611af76f475ccf0280b6001f,
data/thick_smears/Thick_Infected/Image952.jpg,Image952.jpg,infected,1,thick,thick_baseline,3840,2160,RGB,JPEG,0.6737,True,632f32ca7ae68fb126b0333fc37ff1da,
data/thick_smears/Thick_Infected/Image492.jpg,Image492.jpg,infected,1,thick,thick_baseline,3840,2160,RGB,JPEG,0.6499,True,c1433d42fce4c7cc7ad04c7aad6c73cf,
data/thick_smears/Thick_Infected/Image274.jpg,Image274.jpg,infected,1,thick,thick_baseline,3840,2160,RGB,JPEG,1.0674,True,db7ece9301c2fbef578d6a4a724a6dc6,
data/thick_smears/Thick_Infected/Image195.jpg,Image195.jpg,infected,1,thick,thick_baseline,3840,2160,RGB,JPEG,0.5649,True,01e6de7d4f996c209c0fcf81a1f9f5a1,
data/thick_smears/Thick_Infected/Image621.jpg,Image621.jpg,infected,1,thick,thick_baseline,3840,2160,RGB,JPEG,0.6287,True,f38eaa0d6ef2e9605f8403d389874d73,
data/thick_smears/Thick_Infected/Image38.jpg,Image38.jpg,infected,1,thick,thick_baseline,3840,2160,RGB,JPEG,0.6291,True,100bf4503c4309920afc00ba6a23b725,
data/thick_smears/Thick_Uninfected/Image1237.jpg,Image1237.jpg,uninfected,0,thick,thick_baseline,3840,2160,RGB,JPEG,0.3698,True,e3f1d94917cafa362a2f0d839c0ecc86,
data/thick_smears/Thick_Infected/Image624.jpg,Image624.jpg,infected,1,thick,thick_baseline,3840,2160,RGB,JPEG,0.6796,True,e5128bf489a2069846823ee7803d2f45,
data/thick_smears/Thick_Uninfected/Image1347.jpg,Image1347.jpg,uninfected,0,thick,thick_baseline,3840,2160,RGB,JPEG,1.0139,True,e36e5472d51087cfd770969323514ddd,
data/thick_smears/Thick_Uninfected/Image1229.jpg,Image1229.jpg,uninfected,0,thick,thick_baseline,3840,2160,RGB,JPEG,0.4093,True,6aca39470f3a0d039efef3812a60039c,
data/thick_smears/Thick_Infected/Image321.jpg,Image321.jpg,infected,1,thick,thick_baseline,3840,2160,RGB,JPEG,0.5597,True,d8e717e334b8eca5250f817743159353,
data/thick_smears/Thick_Uninfected/Image2184.jpg,Image2184.jpg,uninfected,0,thick,thick_baseline,1640,922,RGBA,PNG,1.7681,True,b4bba16f570d9489ecad1406c45b5657,
data/thick_smears/Thick_Infected/Image1057.jpg,Image1057.jpg,infected,1,thick,thick_baseline,3840,2160,RGB,JPEG,0.6915,True,a6364976ff440794a89099c1eed80925,
data/thick_smears/Thick_Infected/Image590.jpg,Image590.jpg,infected,1,thick,thick_baseline,3840,2160,RGB,JPEG,0.5703,True,bcb25b7580128cdef569d85655404184,
data/thick_smears/Thick_Uninfected/Image1459.jpg,Image1459.jpg,uninfected,0,thick,thick_baseline,3840,2160,RGB,JPEG,0.9645,True,86d658357fe7899d9dd3b9d4e4c4d1df,
data/thick_smears/Thick_Infected/Image262.jpg,Image262.jpg,infected,1,thick,thick_baseline,3840,2160,RGB,JPEG,0.5365,True,1f5670e70978f7d67a600b80dcbe5f4b,
data/thick_smears/Thick_Uninfected/Image2062.jpg,Image2062.jpg,uninfected,0,thick,thick_baseline,3840,2160,RGB,JPEG,0.9575,True,09c4d06cc1eac8315b40fcc3544b05f1,
data/thick_smears/Thick_Infected/Image821.jpg,Image821.jpg,infected,1,thick,thick_baseline,3840,2160,RGB,JPEG,0.8279,True,987f068e29d7ac9fdffa1f6f21f1de4d,
data/thick_smears/Thick_Infected/Image1131.jpg,Image1131.jpg,infected,1,thick,thick_baseline,1640,922,RGBA,PNG,1.6524,True,469da0c56815213007095f7b478799df,
data/thick_smears/Thick_Uninfected/Image1189.jpg,Image1189.jpg,uninfected,0,thick,thick_baseline,3840,2160,RGB,JPEG,0.4228,True,3405dc955d51f32f4256f3ba7346e0d0,
data/thick_smears/Thick_Uninfected/Image1930.jpg,Image1930.jpg,uninfected,0,thick,thick_baseline,3840,2160,RGB,JPEG,0.875,True,171af41fec863024bc37d5ac51c026a1,
data/thick_smears/Thick_Infected/Image921.jpg,Image921.jpg,infected,1,thick,thick_baseline,3840,2160,RGB,JPEG,0.6987,True,0a3585b55dd5bc7f09afd4dc174a921d,
data/thick_smears/Thick_Uninfected/Image1399.jpg,Image1399.jpg,uninfected,0,thick,thick_baseline,3840,2160,RGB,JPEG,0.9899,True,1f350cfa2d226dcbee97dde96cb51959,
data/thick_smears/Thick_Infected/Image11.jpg,Image11.jpg,infected,1,thick,thick_baseline,3840,2160,RGB,JPEG,0.6034,True,7b3a528873b9dbcd7c6a857f8b39d338,
data/thick_smears/Thick_Uninfected/Image1697.jpg,Image1697.jpg,uninfected,0,thick,thick_baseline,3840,2160,RGB,JPEG,0.9791,True,9c38eec0e808661a0475b0c71f5ef38a,
data/thick_smears/Thick_Infected/Image540.jpg,Image540.jpg,infected,1,thick,thick_baseline,3840,2160,RGB,JPEG,0.7164,True,6aa81a9b2e90924f1f8240ba94c5c89b,
data/thick_smears/Thick_Uninfected/Image1392.jpg,Image1392.jpg,uninfected,0,thick,thick_baseline,3840,2160,RGB,JPEG,0.9834,True,e56010ba722cb41051e34116cb18b466,
data/thick_smears/Thick_Infected/Image256.jpg,Image256.jpg,infected,1,thick,thick_baseline,3840,2160,RGB,JPEG,0.6464,True,b1c3648958a97cc6aefe4d4b30d02704,
data/thick_smears/Thick_Infected/Image1020.jpg,Image1020.jpg,infected,1,thick,thick_baseline,3840,2160,RGB,JPEG,0.7672,True,e13ffc7c3710644b5bd8bac7c5319d0c,
data/thick_smears/Thick_Infected/Image45.jpg,Image45.jpg,infected,1,thick,thick_baseline,3840,2160,RGB,JPEG,0.5991,True,564367352935605a3a9a0226b9011d7e,
data/thick_smears/Thick_Uninfected/Image1899.jpg,Image1899.jpg,uninfected,0,thick,thick_baseline,3840,2160,RGB,JPEG,1.0261,True,d276b1ee1e83d3b5d065005eddedac3f,
data/thick_smears/Thick_Uninfected/Image1887.jpg,Image1887.jpg,uninfected,0,thick,thick_baseline,3840,2160,RGB,JPEG,1.0156,True,65133fce9ab84b68621f669f822733cd,
data/thick_smears/Thick_Infected/Image950.jpg,Image950.jpg,infected,1,thick,thick_baseline,3840,2160,RGB,JPEG,0.6316,True,01567fb8308c50c0fe31eeb440c72eeb,
data/thick_smears/Thick_Uninfected/Image1932.jpg,Image1932.jpg,uninfected,0,thick,thick_baseline,3840,2160,RGB,JPEG,0.8684,True,56faaae10ab802583ec63248fefd17b5,
data/thick_smears/Thick_Infected/Image367.jpg,Image367.jpg,infected,1,thick,thick_baseline,3840,2160,RGB,JPEG,0.6475,True,abe0ebb5c41a417cec357e95551cd677,
data/thick_smears/Thick_Infected/Image598.jpg,Image598.jpg,infected,1,thick,thick_baseline,3840,2160,RGB,JPEG,0.5924,True,0ea76966a82df0d68a4b98b76128d2e5,
data/thick_smears/Thick_Infected/Image180.jpg,Image180.jpg,infected,1,thick,thick_baseline,3840,2160,RGB,JPEG,0.552,True,3f92f16b385dc162b30f901460efef61,
data/thick_smears/Thick_Infected/Image435.jpg,Image435.jpg,infected,1,thick,thick_baseline,3840,2160,RGB,JPEG,0.6011,True,1bb4ceadaf12072b3b2b917a261de17c,
data/thick_smears/Thick_Infected/Image688.jpg,Image688.jpg,infected,1,thick,thick_baseline,3840,2160,RGB,JPEG,0.5851,True,79a99c2b60c7e4222db59aa79ba388ef,
data/thick_smears/Thick_Uninfected/Image2001.jpg,Image2001.jpg,uninfected,0,thick,thick_baseline,3840,2160,RGB,JPEG,0.8477,True,eee5f5deaa6f91a38137675cbe691735,
data/thick_smears/Thick_Infected/Image893.jpg,Image893.jpg,infected,1,thick,thick_baseline,3840,2160,RGB,JPEG,0.6248,True,7b9943043b94dd0c6811b0746275a91a,
data/thick_smears/Thick_Infected/Image969.jpg,Image969.jpg,infected,1,thick,thick_baseline,3840,2160,RGB,JPEG,0.7462,True,dcbbdefe5d967ae1d4a4fe8bab68a1ab,
data/thick_smears/Thick_Infected/Image908.jpg,Image908.jpg,infected,1,thick,thick_baseline,3840,2160,RGB,JPEG,0.5277,True,430416d874f5cb97e2ab90e70f77fa28,
data/thick_smears/Thick_Infected/Image822.jpg,Image822.jpg,infected,1,thick,thick_baseline,3840,2160,RGB,JPEG,0.8312,True,fcdcceda79bcab562e1d9099b33b3540,
data/thick_smears/Thick_Uninfected/Image1807.jpg,Image1807.jpg,uninfected,0,thick,thick_baseline,3840,2160,RGB,JPEG,0.9763,True,43890ca285aeb668499735109d3d174c,
data/thick_smears/Thick_Uninfected/Image1669.jpg,Image1669.jpg,uninfected,0,thick,thick_baseline,3840,2160,RGB,JPEG,0.9157,True,5ab4e62dd0d9b8189b176ce65092a362,
data/thick_smears/Thick_Uninfected/Image1313.jpg,Image1313.jpg,uninfected,0,thick,thick_baseline,3840,2160,RGB,JPEG,0.5063,True,1d7a502b5df33ea66b09785890d41908,
data/thick_smears/Thick_Uninfected/Image2180.jpg,Image2180.jpg,uninfected,0,thick,thick_baseline,1640,922,RGBA,PNG,1.7055,True,b174123ef3dda952f96988dddd28444d,
data/thick_smears/Thick_Uninfected/Image2104.jpg,Image2104.jpg,uninfected,0,thick,thick_baseline,3840,2160,RGB,JPEG,0.901,True,2e91929c8a19cac60f61058e34b833f0,
data/thick_smears/Thick_Uninfected/Image1214.jpg,Image1214.jpg,uninfected,0,thick,thick_baseline,3840,2160,RGB,JPEG,0.4205,True,7d5bf35978c128d01473abfcc696006d,
data/thick_smears/Thick_Infected/Image693.jpg,Image693.jpg,infected,1,thick,thick_baseline,3840,2160,RGB,JPEG,0.698,True,d88dfff93067cda11ec31ce638280ff2,
data/thick_smears/Thick_Infected/Image251.jpg,Image251.jpg,infected,1,thick,thick_baseline,3840,2160,RGB,JPEG,0.647,True,f9b65f5b991aa66f66de275850793c68,
data/thick_smears/Thick_Uninfected/Image1443.jpg,Image1443.jpg,uninfected,0,thick,thick_baseline,3840,2160,RGB,JPEG,0.9277,True,cd47bfb7b0f1f31fa7667fb77c77da45,
data/thick_smears/Thick_Infected/Image798.jpg,Image798.jpg,infected,1,thick,thick_baseline,3840,2160,RGB,JPEG,0.6303,True,f8f5a45c1804abda84e017f8f2c81a59,
data/thick_smears/Thick_Uninfected/Image1250.jpg,Image1250.jpg,uninfected,0,thick,thick_baseline,3840,2160,RGB,JPEG,0.3978,True,b002da4efd20d28bc5aa1932c7191b1a,
data/thick_smears/Thick_Uninfected/Image1352.jpg,Image1352.jpg,uninfected,0,thick,thick_baseline,3840,2160,RGB,JPEG,0.9895,True,e627c7bf73e09fde6be43949bfd7998b,
data/thick_smears/Thick_Infected/Image13.jpg,Image13.jpg,infected,1,thick,thick_baseline,3840,2160,RGB,JPEG,0.5528,True,33991c1493d3cfc3738cc5df01f86eef,
data/thick_smears/Thick_Uninfected/Image2025.jpg,Image2025.jpg,uninfected,0,thick,thick_baseline,3840,2160,RGB,JPEG,0.8851,True,eb89524fb4f046f4284821d802bd7126,
data/thick_smears/Thick_Uninfected/Image2101.jpg,Image2101.jpg,uninfected,0,thick,thick_baseline,3840,2160,RGB,JPEG,0.8329,True,0373c917557d917350f0097e40f1afec,
data/thick_smears/Thick_Infected/Image109.jpg,Image109.jpg,infected,1,thick,thick_baseline,3840,2160,RGB,JPEG,0.521,True,2c45d79374d8e06f4ad0cd671ccb3fc8,
data/thick_smears/Thick_Uninfected/Image1680.jpg,Image1680.jpg,uninfected,0,thick,thick_baseline,3840,2160,RGB,JPEG,0.8698,True,b9136ae7bfd4d034171794d2a5e2d27d,
data/thick_smears/Thick_Uninfected/Image1380.jpg,Image1380.jpg,uninfected,0,thick,thick_baseline,3840,2160,RGB,JPEG,1.0662,True,f3377fe3a833996b2962c31a9f691694,
data/thick_smears/Thick_Uninfected/Image1542.jpg,Image1542.jpg,uninfected,0,thick,thick_baseline,3840,2160,RGB,JPEG,0.9347,True,6fa59b1d90bc502b022efd2a98ffeb5b,
data/thick_smears/Thick_Uninfected/Image1960.jpg,Image1960.jpg,uninfected,0,thick,thick_baseline,3840,2160,RGB,JPEG,0.933,True,409b4d7fb06d99bd596c1e222e2189ea,
data/thick_smears/Thick_Uninfected/Image1260.jpg,Image1260.jpg,uninfected,0,thick,thick_baseline,3840,2160,RGB,JPEG,0.4675,True,354e964585f29a5ee37ed98a6cad40d9,
data/thick_smears/Thick_Uninfected/Image2033.jpg,Image2033.jpg,uninfected,0,thick,thick_baseline,3840,2160,RGB,JPEG,0.9303,True,4917c405e2f06e179d9e9b02df4271af,
data/thick_smears/Thick_Uninfected/Image1390.jpg,Image1390.jpg,uninfected,0,thick,thick_baseline,3840,2160,RGB,JPEG,0.9615,True,275035a1c6c3665718b81d58118d1d76,
data/thick_smears/Thick_Infected/Image311.jpg,Image311.jpg,infected,1,thick,thick_baseline,3840,2160,RGB,JPEG,0.5179,True,a1b9840e9648efab1ceefa6de15553ba,
data/thick_smears/Thick_Infected/Image713.jpg,Image713.jpg,infected,1,thick,thick_baseline,3840,2160,RGB,JPEG,0.6594,True,9d25e5a4d10997f8241ac8d0de843588,
data/thick_smears/Thick_Infected/Image615.jpg,Image615.jpg,infected,1,thick,thick_baseline,3840,2160,RGB,JPEG,0.6976,True,1c5008c1d0cff458fd2f46283ea66d8f,
data/thick_smears/Thick_Uninfected/Image1282.jpg,Image1282.jpg,uninfected,0,thick,thick_baseline,3840,2160,RGB,JPEG,0.4584,True,661085c80e6e1720d3f61b6b16d58f50,
data/thick_smears/Thick_Infected/Image249.jpg,Image249.jpg,infected,1,thick,thick_baseline,3840,2160,RGB,JPEG,0.6215,True,29729425069516cd80afa02c12450eeb,
data/thick_smears/Thick_Infected/Image1124.jpg,Image1124.jpg,infected,1,thick,thick_baseline,1640,922,RGBA,PNG,1.7127,True,21ccffe3e85bd874635d1dc1bdfb1f35,
data/thick_smears/Thick_Uninfected/Image1177.jpg,Image1177.jpg,uninfected,0,thick,thick_baseline,3840,2160,RGB,JPEG,0.2976,True,5ed812bad2af48aa776efc053f2c82cd,
data/thick_smears/Thick_Uninfected/Image1866.jpg,Image1866.jpg,uninfected,0,thick,thick_baseline,3840,2160,RGB,JPEG,0.919,True,ef85482474db056b4772ae36b581c5b3,
data/thick_smears/Thick_Uninfected/Image1469.jpg,Image1469.jpg,uninfected,0,thick,thick_baseline,3840,2160,RGB,JPEG,1.0013,True,11d6594c3b912433760e8f2e379e43b5,
data/thick_smears/Thick_Infected/Image659.jpg,Image659.jpg,infected,1,thick,thick_baseline,3840,2160,RGB,JPEG,0.6622,True,827641f8612a2bac3370d6a27855bf28,
data/thick_smears/Thick_Infected/Image1026.jpg,Image1026.jpg,infected,1,thick,thick_baseline,3840,2160,RGB,JPEG,0.7313,True,33fcc58722f0360b17c53939ffae51fd,
data/thick_smears/Thick_Uninfected/Image1218.jpg,Image1218.jpg,uninfected,0,thick,thick_baseline,3840,2160,RGB,JPEG,0.3754,True,fcfc565cc53ec7e7cf004f5871c1c027,
data/thick_smears/Thick_Infected/Image523.jpg,Image523.jpg,infected,1,thick,thick_baseline,3840,2160,RGB,JPEG,0.5778,True,5f647f9c5d100e6fb283110f1e113ecf,
data/thick_smears/Thick_Uninfected/Image2077.jpg,Image2077.jpg,uninfected,0,thick,thick_baseline,3840,2160,RGB,JPEG,0.9397,True,59d5bbe25fb5e6a9c79d02536a026d06,
data/thick_smears/Thick_Uninfected/Image1804.jpg,Image1804.jpg,uninfected,0,thick,thick_baseline,3840,2160,RGB,JPEG,0.9111,True,5f935e4c7158e43166d664ea80099f6e,
data/thick_smears/Thick_Uninfected/Image1269.jpg,Image1269.jpg,uninfected,0,thick,thick_baseline,3840,2160,RGB,JPEG,0.3385,True,68f0eff21948342933df2a639be6909c,
data/thick_smears/Thick_Infected/Image1103.jpg,Image1103.jpg,infected,1,thick,thick_baseline,1640,922,RGBA,PNG,1.6368,True,749ca0e3c64a74bb11bbe8395f1fd305,
data/thick_smears/Thick_Uninfected/Image1348.jpg,Image1348.jpg,uninfected,0,thick,thick_baseline,3840,2160,RGB,JPEG,1.0145,True,e9add777a5623cdf55c97dbb6959e2b5,
data/thick_smears/Thick_Uninfected/Image2131.jpg,Image2131.jpg,uninfected,0,thick,thick_baseline,3840,2160,RGB,JPEG,0.923,True,c603f892eb906da0b8ebb8ff656d2a2d,
data/thick_smears/Thick_Uninfected/Image2089.jpg,Image2089.jpg,uninfected,0,thick,thick_baseline,3840,2160,RGB,JPEG,0.9792,True,e9e3b642c4844500a180881ca06152dd,
data/thick_smears/Thick_Infected/Image31.jpg,Image31.jpg,infected,1,thick,thick_baseline,3840,2160,RGB,JPEG,0.5329,True,c51a6ee60bcacf0726d76c5918dd799c,
data/thick_smears/Thick_Infected/Image666.jpg,Image666.jpg,infected,1,thick,thick_baseline,3840,2160,RGB,JPEG,0.609,True,245be63ba669bec99811a9b53e5bb8b6,
data/thick_smears/Thick_Infected/Image453.jpg,Image453.jpg,infected,1,thick,thick_baseline,3840,2160,RGB,JPEG,0.6359,True,81b0cc23ccd5d6a9efcca125c44d11e7,
data/thick_smears/Thick_Uninfected/Image1403.jpg,Image1403.jpg,uninfected,0,thick,thick_baseline,3840,2160,RGB,JPEG,0.9663,True,5cf2541fc8476ab40a30fd3a7e80f8c5,
data/thick_smears/Thick_Infected/Image413.jpg,Image413.jpg,infected,1,thick,thick_baseline,3840,2160,RGB,JPEG,0.6339,True,ff5526cc009f3214c99e721c61f9213a,
data/thick_smears/Thick_Infected/Image874.jpg,Image874.jpg,infected,1,thick,thick_baseline,3840,2160,RGB,JPEG,0.745,True,bb9bc7c726fd38a83680df17ea384a3e,
data/thick_smears/Thick_Uninfected/Image1997.jpg,Image1997.jpg,uninfected,0,thick,thick_baseline,3840,2160,RGB,JPEG,1.0419,True,5c98b70490d647dc30b52633b4753f28,
data/thick_smears/Thick_Uninfected/Image1417.jpg,Image1417.jpg,uninfected,0,thick,thick_baseline,3840,2160,RGB,JPEG,0.9228,True,2a47dcd323c2e070e13514acaef73928,
data/thick_smears/Thick_Uninfected/Image1974.jpg,Image1974.jpg,uninfected,0,thick,thick_baseline,3840,2160,RGB,JPEG,0.9127,True,b1beba82918bd213fbaf3a0774df0481,
data/thick_smears/Thick_Uninfected/Image1779.jpg,Image1779.jpg,uninfected,0,thick,thick_baseline,3840,2160,RGB,JPEG,1.0625,True,a0334c441a0ec0b439d0b3464e133ea0,
data/thick_smears/Thick_Uninfected/Image1473.jpg,Image1473.jpg,uninfected,0,thick,thick_baseline,3840,2160,RGB,JPEG,0.9226,True,652121b7109ffd3c098edb0b7868b5ef,
data/thick_smears/Thick_Uninfected/Image1199.jpg,Image1199.jpg,uninfected,0,thick,thick_baseline,3840,2160,RGB,JPEG,0.41,True,5ca8e700159ac077e03cc6d75f9b64a8,
data/thick_smears/Thick_Infected/Image466.jpg,Image466.jpg,infected,1,thick,thick_baseline,3840,2160,RGB,JPEG,0.6954,True,f7a5f032466403ddebfe98c79fef3621,
data/thick_smears/Thick_Infected/Image586.jpg,Image586.jpg,infected,1,thick,thick_baseline,3840,2160,RGB,JPEG,0.571,True,6ef9bc4e92a04a3dcdffd96e2d775fce,
data/thick_smears/Thick_Infected/Image878.jpg,Image878.jpg,infected,1,thick,thick_baseline,3840,2160,RGB,JPEG,0.7857,True,a7213b7880068ec516c5efed84a9bbab,
data/thick_smears/Thick_Uninfected/Image1653.jpg,Image1653.jpg,uninfected,0,thick,thick_baseline,3840,2160,RGB,JPEG,0.9529,True,99d11bcbae4247d5ad31cfe3f0395c5d,
data/thick_smears/Thick_Infected/Image827.jpg,Image827.jpg,infected,1,thick,thick_baseline,3840,2160,RGB,JPEG,0.8274,True,6510944363931a74f7837a31e031c5b3,
data/thick_smears/Thick_Uninfected/Image1299.jpg,Image1299.jpg,uninfected,0,thick,thick_baseline,3840,2160,RGB,JPEG,0.4183,True,d31bd593237ff09f6c5e37617f3546fe,
data/thick_smears/Thick_Infected/Image104.jpg,Image104.jpg,infected,1,thick,thick_baseline,3840,2160,RGB,JPEG,0.607,True,f0b5412374f93333b771657000c3676a,
data/thick_smears/Thick_Uninfected/Image1369.jpg,Image1369.jpg,uninfected,0,thick,thick_baseline,3840,2160,RGB,JPEG,0.9822,True,28220de916883f512cab9c5604ebcb77,
data/thick_smears/Thick_Infected/Image694.jpg,Image694.jpg,infected,1,thick,thick_baseline,3840,2160,RGB,JPEG,0.6346,True,a1fd90d48eb5edacf88456a02d609e6b,
data/thick_smears/Thick_Uninfected/Image2029.jpg,Image2029.jpg,uninfected,0,thick,thick_baseline,3840,2160,RGB,JPEG,0.8885,True,8bc4cd34447792740c232de5ca34a1b1,
data/thick_smears/Thick_Infected/Image638.jpg,Image638.jpg,infected,1,thick,thick_baseline,3840,2160,RGB,JPEG,0.6073,True,7394a5677226aef0d3f83304e082af22,
data/thick_smears/Thick_Infected/Image524.jpg,Image524.jpg,infected,1,thick,thick_baseline,3840,2160,RGB,JPEG,0.6726,True,0461a9de14548ba1ae4d9bb262c19a96,
data/thick_smears/Thick_Uninfected/Image2051.jpg,Image2051.jpg,uninfected,0,thick,thick_baseline,3840,2160,RGB,JPEG,0.9206,True,9cb644de05d70a23deca4cad9858ed6d,
data/thick_smears/Thick_Infected/Image35.jpg,Image35.jpg,infected,1,thick,thick_baseline,3840,2160,RGB,JPEG,0.6369,True,9c05f2c77dbaaaa2476189af58184d5c,
data/thick_smears/Thick_Uninfected/Image1387.jpg,Image1387.jpg,uninfected,0,thick,thick_baseline,3840,2160,RGB,JPEG,0.9435,True,6bd18ed428d0a75385d9977b90d2200d,
data/thick_smears/Thick_Uninfected/Image2121.jpg,Image2121.jpg,uninfected,0,thick,thick_baseline,3840,2160,RGB,JPEG,0.8644,True,3d3071bf9d0f9278122a32fe44b8ebd5,
data/thick_smears/Thick_Uninfected/Image1406.jpg,Image1406.jpg,uninfected,0,thick,thick_baseline,3840,2160,RGB,JPEG,0.9624,True,a66fb41d68d3ed9c9c0aafdee36e8a3f,
data/thick_smears/Thick_Infected/Image1001.jpg,Image1001.jpg,infected,1,thick,thick_baseline,3840,2160,RGB,JPEG,0.7397,True,5749dd4ae92f9ce6f2e23d5082d550e5,
data/thick_smears/Thick_Uninfected/Image1639.jpg,Image1639.jpg,uninfected,0,thick,thick_baseline,3840,2160,RGB,JPEG,1.0063,True,745923a0ebe01a8b0a8d3f5b11ff0a19,
data/thick_smears/Thick_Infected/Image661.jpg,Image661.jpg,infected,1,thick,thick_baseline,3840,2160,RGB,JPEG,0.5764,True,3502cb7b98be3e0967ff2eea37bdd4cb,
data/thick_smears/Thick_Uninfected/Image1404.jpg,Image1404.jpg,uninfected,0,thick,thick_baseline,3840,2160,RGB,JPEG,0.9845,True,49ed0b0cfe1dffdf09ec0c745820b9e4,
data/thick_smears/Thick_Infected/Image68.jpg,Image68.jpg,infected,1,thick,thick_baseline,3840,2160,RGB,JPEG,0.4004,True,86f23fdd6f098f5e032839bd3ed8a4cd,
data/thick_smears/Thick_Uninfected/Image1742.jpg,Image1742.jpg,uninfected,0,thick,thick_baseline,3840,2160,RGB,JPEG,1.0318,True,22d6aa4239087fbd40a890f7a6df1e59,
data/thick_smears/Thick_Uninfected/Image1478.jpg,Image1478.jpg,uninfected,0,thick,thick_baseline,3840,2160,RGB,JPEG,0.9334,True,1feb102b176a5f3e63013617996ec0b1,
data/thick_smears/Thick_Uninfected/Image1558.jpg,Image1558.jpg,uninfected,0,thick,thick_baseline,3840,2160,RGB,JPEG,0.8786,True,19611236d784db5fda354b68747b2c44,
data/thick_smears/Thick_Infected/Image165.jpg,Image165.jpg,infected,1,thick,thick_baseline,3840,2160,RGB,JPEG,0.604,True,0c76fa86ab27c06afcb65db962a5061d,
data/thick_smears/Thick_Uninfected/Image1765.jpg,Image1765.jpg,uninfected,0,thick,thick_baseline,3840,2160,RGB,JPEG,0.9439,True,dc19f4b1d918c2d59947d42bdd3b1178,
data/thick_smears/Thick_Uninfected/Image2109.jpg,Image2109.jpg,uninfected,0,thick,thick_baseline,3840,2160,RGB,JPEG,0.8943,True,221022ad9f12c58f2a6af807d55def93,
data/thick_smears/Thick_Uninfected/Image2118.jpg,Image2118.jpg,uninfected,0,thick,thick_baseline,3840,2160,RGB,JPEG,0.9058,True,f79ef2895506a77110c791f64607c189,
data/thick_smears/Thick_Uninfected/Image1747.jpg,Image1747.jpg,uninfected,0,thick,thick_baseline,3840,2160,RGB,JPEG,0.9931,True,a95768e982125521419dc424c2aaa99f,
data/thick_smears/Thick_Infected/Image360.jpg,Image360.jpg,infected,1,thick,thick_baseline,3840,2160,RGB,JPEG,0.704,True,556380337506b904a4f33633cc87b6e5,
data/thick_smears/Thick_Uninfected/Image1565.jpg,Image1565.jpg,uninfected,0,thick,thick_baseline,3840,2160,RGB,JPEG,0.8753,True,0221abba213e798c661584d402fe784c,
data/thick_smears/Thick_Infected/Image74.jpg,Image74.jpg,infected,1,thick,thick_baseline,3840,2160,RGB,JPEG,0.427,True,32b6655c55c351536cc9dbfe1c392a72,
data/thick_smears/Thick_Infected/Image1094.jpg,Image1094.jpg,infected,1,thick,thick_baseline,1640,922,RGBA,PNG,1.8471,True,3aa86c902a3a70556e0307dea597eb2b,
data/thick_smears/Thick_Uninfected/Image1625.jpg,Image1625.jpg,uninfected,0,thick,thick_baseline,3840,2160,RGB,JPEG,0.9072,True,8048b810c18bc8546a30c66e8c996366,
data/thick_smears/Thick_Infected/Image258.jpg,Image258.jpg,infected,1,thick,thick_baseline,3840,2160,RGB,JPEG,0.747,True,434fc7f990417fb9e328d36cb32b0c95,
data/thick_smears/Thick_Infected/Image681.jpg,Image681.jpg,infected,1,thick,thick_baseline,3840,2160,RGB,JPEG,0.6805,True,99add1cd748e24a68b8b0d5365faf019,
data/thick_smears/Thick_Infected/Image690.jpg,Image690.jpg,infected,1,thick,thick_baseline,3840,2160,RGB,JPEG,0.5973,True,5e33d3e4b7677067f1b18d1667b2cbf7,
data/thick_smears/Thick_Uninfected/Image1342.jpg,Image1342.jpg,uninfected,0,thick,thick_baseline,3840,2160,RGB,JPEG,0.9751,True,7d316a8b93d58cbaf44bfba2bb00dfa4,
data/thick_smears/Thick_Infected/Image625.jpg,Image625.jpg,infected,1,thick,thick_baseline,3840,2160,RGB,JPEG,0.5553,True,4c8415dcde39c4506e42d840d5ff716d,
data/thick_smears/Thick_Uninfected/Image1158.jpg,Image1158.jpg,uninfected,0,thick,thick_baseline,3840,2160,RGB,JPEG,0.4965,True,f26ab34cca4c7e8815fe45e8b346113a,
data/thick_smears/Thick_Uninfected/Image1809.jpg,Image1809.jpg,uninfected,0,thick,thick_baseline,3840,2160,RGB,JPEG,0.9232,True,8bb3dec4873d8d454d742c0cd54aa6a2,
data/thick_smears/Thick_Uninfected/Image1604.jpg,Image1604.jpg,uninfected,0,thick,thick_baseline,3840,2160,RGB,JPEG,0.8955,True,a48f0a43ce263c3922fc76c05901e908,
data/thick_smears/Thick_Infected/Image227.jpg,Image227.jpg,infected,1,thick,thick_baseline,3840,2160,RGB,JPEG,0.4939,True,4344db96d19478a6f210e8df84ae1092,
data/thick_smears/Thick_Uninfected/Image1270.jpg,Image1270.jpg,uninfected,0,thick,thick_baseline,3840,2160,RGB,JPEG,0.3578,True,f74ba4990310daf98572bca3a32c5995,
data/thick_smears/Thick_Infected/Image533.jpg,Image533.jpg,infected,1,thick,thick_baseline,3840,2160,RGB,JPEG,0.6633,True,85174512821829ce9d61bb80851238fa,
data/thick_smears/Thick_Infected/Image135.jpg,Image135.jpg,infected,1,thick,thick_baseline,3840,2160,RGB,JPEG,0.5857,True,c645bd5ba24650e64922069daedfb009,
data/thick_smears/Thick_Uninfected/Image1340.jpg,Image1340.jpg,uninfected,0,thick,thick_baseline,3840,2160,RGB,JPEG,1.0475,True,8bae5506c7db77f980562251549fe34a,
data/thick_smears/Thick_Infected/Image405.jpg,Image405.jpg,infected,1,thick,thick_baseline,3840,2160,RGB,JPEG,0.6708,True,80e8d4944139e70f02d65d02dc1996f5,
data/thick_smears/Thick_Infected/Image91.jpg,Image91.jpg,infected,1,thick,thick_baseline,3840,2160,RGB,JPEG,0.602,True,9e9f7f1d7d44e88868e0e81dbde0cf99,
data/thick_smears/Thick_Infected/Image657.jpg,Image657.jpg,infected,1,thick,thick_baseline,3840,2160,RGB,JPEG,0.6466,True,3c38c8ad5afc690ca5496823fa1c1cf6,
data/thick_smears/Thick_Infected/Image1048.jpg,Image1048.jpg,infected,1,thick,thick_baseline,3840,2160,RGB,JPEG,0.638,True,6294ff6e8de245880426ca07c49d045b,
data/thick_smears/Thick_Infected/Image291.jpg,Image291.jpg,infected,1,thick,thick_baseline,3840,2160,RGB,JPEG,0.6897,True,0296f1af4affbc15c72ab9699f84b66e,
data/thick_smears/Thick_Infected/Image449.jpg,Image449.jpg,infected,1,thick,thick_baseline,3840,2160,RGB,JPEG,0.5332,True,1d0ba443ac7841f080e316e11f1a52ca,
data/thick_smears/Thick_Infected/Image648.jpg,Image648.jpg,infected,1,thick,thick_baseline,3840,2160,RGB,JPEG,0.6823,True,59876cbd8ea281a80a4fed9599643745,
data/thick_smears/Thick_Uninfected/Image1634.jpg,Image1634.jpg,uninfected,0,thick,thick_baseline,3840,2160,RGB,JPEG,0.9494,True,999ecc06499decf68374e5b80501712b,
data/thick_smears/Thick_Infected/Image800.jpg,Image800.jpg,infected,1,thick,thick_baseline,3840,2160,RGB,JPEG,0.6025,True,0fdec58f1d0048f630aea2c26e0107d3,
data/thick_smears/Thick_Uninfected/Image2068.jpg,Image2068.jpg,uninfected,0,thick,thick_baseline,3840,2160,RGB,JPEG,0.901,True,de87c2ef0d558987cd5f0ca69c3f43f4,
data/thick_smears/Thick_Infected/Image03.jpg,Image03.jpg,infected,1,thick,thick_baseline,3840,2160,RGB,JPEG,0.6342,True,130bf56451d389a62e3e29b1434e3ed1,
data/thick_smears/Thick_Uninfected/Image1898.jpg,Image1898.jpg,uninfected,0,thick,thick_baseline,3840,2160,RGB,JPEG,0.8416,True,f6e291d7c4c78c036654199ce956b83a,
data/thick_smears/Thick_Infected/Image281.jpg,Image281.jpg,infected,1,thick,thick_baseline,3840,2160,RGB,JPEG,0.7155,True,fc519b71506bd8b9b0b9de91b1def2e4,
data/thick_smears/Thick_Infected/Image81.jpg,Image81.jpg,infected,1,thick,thick_baseline,3840,2160,RGB,JPEG,0.4676,True,fb4d9eab3dbe15994c7a8aec62246fa5,
data/thick_smears/Thick_Infected/Image1012.jpg,Image1012.jpg,infected,1,thick,thick_baseline,3840,2160,RGB,JPEG,0.7955,True,ea8dddf8cb37aba7713661c97cceb5e4,
data/thick_smears/Thick_Infected/Image977.jpg,Image977.jpg,infected,1,thick,thick_baseline,3840,2160,RGB,JPEG,0.6553,True,642dc042540e68439c50c2ab674e4381,
data/thick_smears/Thick_Uninfected/Image1868.jpg,Image1868.jpg,uninfected,0,thick,thick_baseline,3840,2160,RGB,JPEG,0.9284,True,92391e7ef0b7879b0cef602a645e5702,
data/thick_smears/Thick_Infected/Image424.jpg,Image424.jpg,infected,1,thick,thick_baseline,3840,2160,RGB,JPEG,0.7402,True,375a3cb8522f72f4b1f007b631a3c2a4,
data/thick_smears/Thick_Infected/Image154.jpg,Image154.jpg,infected,1,thick,thick_baseline,3840,2160,RGB,JPEG,0.4677,True,f6dcfc99184951179f3880fcca7247eb,
data/thick_smears/Thick_Uninfected/Image1746.jpg,Image1746.jpg,uninfected,0,thick,thick_baseline,3840,2160,RGB,JPEG,0.9126,True,7a1b6575883b036d1026cdf8a4864eec,
data/thick_smears/Thick_Uninfected/Image1641.jpg,Image1641.jpg,uninfected,0,thick,thick_baseline,3840,2160,RGB,JPEG,0.8696,True,74ce19dff0e77947c293be5181f72e89,
data/thick_smears/Thick_Infected/Image1065.jpg,Image1065.jpg,infected,1,thick,thick_baseline,1640,922,RGBA,PNG,1.9325,True,2927ce8fc4673f868f3bb50d9e298546,
data/thick_smears/Thick_Infected/Image103.jpg,Image103.jpg,infected,1,thick,thick_baseline,3840,2160,RGB,JPEG,0.643,True,3652b16b398c7cea0a44576bd03a7998,
data/thick_smears/Thick_Uninfected/Image1434.jpg,Image1434.jpg,uninfected,0,thick,thick_baseline,3840,2160,RGB,JPEG,1.0285,True,a12ca91079220a4a60d96d8acd1c63d1,
data/thick_smears/Thick_Infected/Image631.jpg,Image631.jpg,infected,1,thick,thick_baseline,3840,2160,RGB,JPEG,0.7295,True,610628a016ecfe2ca18e059133a617ce,
data/thick_smears/Thick_Infected/Image1133.jpg,Image1133.jpg,infected,1,thick,thick_baseline,1640,922,RGBA,PNG,1.7389,True,d794a1b43136aa54e1a780644e22f4e8,
data/thick_smears/Thick_Uninfected/Image1418.jpg,Image1418.jpg,uninfected,0,thick,thick_baseline,3840,2160,RGB,JPEG,0.97,True,ba0c5917a6764ecb2e21329ad769b887,
data/thick_smears/Thick_Uninfected/Image1213.jpg,Image1213.jpg,uninfected,0,thick,thick_baseline,3840,2160,RGB,JPEG,0.3258,True,caa73acda9e9bd797d507990a3de4680,
data/thick_smears/Thick_Uninfected/Image1631.jpg,Image1631.jpg,uninfected,0,thick,thick_baseline,3840,2160,RGB,JPEG,0.9384,True,9de980e8e500db9e7544388ae414eeb3,
data/thick_smears/Thick_Infected/Image34.jpg,Image34.jpg,infected,1,thick,thick_baseline,3840,2160,RGB,JPEG,0.5765,True,37c1849d05e8303b9a6113be61785a75,
data/thick_smears/Thick_Uninfected/Image1281.jpg,Image1281.jpg,uninfected,0,thick,thick_baseline,3840,2160,RGB,JPEG,0.3422,True,38e4edfb653bac3871e078c53081d844,
data/thick_smears/Thick_Infected/Image443.jpg,Image443.jpg,infected,1,thick,thick_baseline,3840,2160,RGB,JPEG,0.6904,True,247bba30c3a2bba698a7a3b1cc6c34b2,
data/thick_smears/Thick_Uninfected/Image1984.jpg,Image1984.jpg,uninfected,0,thick,thick_baseline,3840,2160,RGB,JPEG,1.016,True,c664df37e84f9f99780fe60009424f7e,
data/thick_smears/Thick_Infected/Image752.jpg,Image752.jpg,infected,1,thick,thick_baseline,3840,2160,RGB,JPEG,0.7125,True,c0beab40be4eb2c30700c3e49f2f1ac6,
data/thick_smears/Thick_Uninfected/Image1344.jpg,Image1344.jpg,uninfected,0,thick,thick_baseline,3840,2160,RGB,JPEG,0.9617,True,bf5e18826ca4cbc53c33b6a942b2020b,
data/thick_smears/Thick_Infected/Image506.jpg,Image506.jpg,infected,1,thick,thick_baseline,3840,2160,RGB,JPEG,0.7307,True,11bebbb279d8ff918b2fbe4ef394f239,
data/thick_smears/Thick_Infected/Image371.jpg,Image371.jpg,infected,1,thick,thick_baseline,3840,2160,RGB,JPEG,0.6134,True,2baebded61173495be486c6baed202ff,
data/thick_smears/Thick_Uninfected/Image1184.jpg,Image1184.jpg,uninfected,0,thick,thick_baseline,3840,2160,RGB,JPEG,0.4034,True,6eab2164139518905f39b1158e5fa88c,
data/thick_smears/Thick_Uninfected/Image1862.jpg,Image1862.jpg,uninfected,0,thick,thick_baseline,3840,2160,RGB,JPEG,0.9356,True,bcd37723fe9152df284b022bc3ffc65f,
data/thick_smears/Thick_Uninfected/Image1996.jpg,Image1996.jpg,uninfected,0,thick,thick_baseline,3840,2160,RGB,JPEG,0.8305,True,76b9cb091d55e7688e95872d6bde56a4,
data/thick_smears/Thick_Infected/Image255.jpg,Image255.jpg,infected,1,thick,thick_baseline,3840,2160,RGB,JPEG,0.5971,True,bc7fe7ecd76a2b72512753b1b72eafda,
data/thick_smears/Thick_Uninfected/Image1901.jpg,Image1901.jpg,uninfected,0,thick,thick_baseline,3840,2160,RGB,JPEG,0.9295,True,c47f128db3667b4aa32e58145e217882,
data/thick_smears/Thick_Uninfected/Image1193.jpg,Image1193.jpg,uninfected,0,thick,thick_baseline,3840,2160,RGB,JPEG,0.421,True,e3cef943b07089d91e5367f18c4af6b2,
data/thick_smears/Thick_Infected/Image447.jpg,Image447.jpg,infected,1,thick,thick_baseline,3840,2160,RGB,JPEG,0.551,True,feff55aa762b94d1f7ab432e5779a153,
data/thick_smears/Thick_Uninfected/Image1674.jpg,Image1674.jpg,uninfected,0,thick,thick_baseline,3840,2160,RGB,JPEG,0.8869,True,95c2b05b0572ef923505b9674149dcf2,
data/thick_smears/Thick_Infected/Image484.jpg,Image484.jpg,infected,1,thick,thick_baseline,3840,2160,RGB,JPEG,0.6848,True,c21cc545ce85456ae63d9024f80de7e7,
data/thick_smears/Thick_Uninfected/Image2128.jpg,Image2128.jpg,uninfected,0,thick,thick_baseline,3840,2160,RGB,JPEG,0.9139,True,1d49504029865ad4614428894372edca,
data/thick_smears/Thick_Infected/Image764.jpg,Image764.jpg,infected,1,thick,thick_baseline,3840,2160,RGB,JPEG,0.7221,True,f5023279a5ca322dc5bfcbbe275d5248,
data/thick_smears/Thick_Uninfected/Image1738.jpg,Image1738.jpg,uninfected,0,thick,thick_baseline,3840,2160,RGB,JPEG,0.926,True,e095cf5aa878e2e5fd67ab11640bbc46,
data/thick_smears/Thick_Uninfected/Image1333.jpg,Image1333.jpg,uninfected,0,thick,thick_baseline,3840,2160,RGB,JPEG,0.4928,True,fcde80612e600f898eb0fbc427b7fa3e,
data/thick_smears/Thick_Infected/Image744.jpg,Image744.jpg,infected,1,thick,thick_baseline,3840,2160,RGB,JPEG,0.6028,True,3324b4369c969ed6544712fa7a7d3450,
data/thick_smears/Thick_Infected/Image162.jpg,Image162.jpg,infected,1,thick,thick_baseline,3840,2160,RGB,JPEG,0.4691,True,ea626484f395c5877638a8b31d08f8fa,
data/thick_smears/Thick_Uninfected/Image1217.jpg,Image1217.jpg,uninfected,0,thick,thick_baseline,3840,2160,RGB,JPEG,0.4397,True,4093e04cdf3d8c70460d41e3f6ff8720,
data/thick_smears/Thick_Uninfected/Image1885.jpg,Image1885.jpg,uninfected,0,thick,thick_baseline,3840,2160,RGB,JPEG,0.9941,True,4ed47ea639bdb31e9fa50dc153b2fccc,
data/thick_smears/Thick_Uninfected/Image1660.jpg,Image1660.jpg,uninfected,0,thick,thick_baseline,3840,2160,RGB,JPEG,1.0215,True,74017b035201e9f5475ceac187f90274,
data/thick_smears/Thick_Uninfected/Image1708.jpg,Image1708.jpg,uninfected,0,thick,thick_baseline,3840,2160,RGB,JPEG,0.8765,True,1847cbe8b2dd382734bdec9ddf5676d0,
data/thick_smears/Thick_Infected/Image927.jpg,Image927.jpg,infected,1,thick,thick_baseline,3840,2160,RGB,JPEG,0.7026,True,960559072c3dcf42c06610a32fbd2503,
data/thick_smears/Thick_Infected/Image629.jpg,Image629.jpg,infected,1,thick,thick_baseline,3840,2160,RGB,JPEG,0.6378,True,7e70da5b67a6cce708898575a19cf1db,
data/thick_smears/Thick_Uninfected/Image1484.jpg,Image1484.jpg,uninfected,0,thick,thick_baseline,3840,2160,RGB,JPEG,1.0193,True,b9bc7553573dc062313761af784b5e8f,
data/thick_smears/Thick_Uninfected/Image1442.jpg,Image1442.jpg,uninfected,0,thick,thick_baseline,3840,2160,RGB,JPEG,0.9106,True,67c7ed011909730f4d0b00613ce433a2,
data/thick_smears/Thick_Infected/Image123.jpg,Image123.jpg,infected,1,thick,thick_baseline,3840,2160,RGB,JPEG,0.4754,True,e9940ce1f8eec75ed5be6c32a8466f87,
data/thick_smears/Thick_Infected/Image604.jpg,Image604.jpg,infected,1,thick,thick_baseline,3840,2160,RGB,JPEG,0.617,True,4c046cca9f73a61d75562432cb0f0fad,
data/thick_smears/Thick_Uninfected/Image1411.jpg,Image1411.jpg,uninfected,0,thick,thick_baseline,3840,2160,RGB,JPEG,0.9169,True,83eb1776f1aa1ffb96a458197383b116,
data/thick_smears/Thick_Uninfected/Image1426.jpg,Image1426.jpg,uninfected,0,thick,thick_baseline,3840,2160,RGB,JPEG,0.9695,True,e56699c84d696616b5f0833ec0a7bdec,
data/thick_smears/Thick_Uninfected/Image2045.jpg,Image2045.jpg,uninfected,0,thick,thick_baseline,3840,2160,RGB,JPEG,0.8866,True,e827389b34f76507598797225eaafae0,
data/thick_smears/Thick_Infected/Image425.jpg,Image425.jpg,infected,1,thick,thick_baseline,3840,2160,RGB,JPEG,0.7296,True,f72f993cc81f2321166e4f3b5b285b0c,
data/thick_smears/Thick_Infected/Image139.jpg,Image139.jpg,infected,1,thick,thick_baseline,3840,2160,RGB,JPEG,0.5915,True,16ffda9984da1c001dac5374ebd7377a,
data/thick_smears/Thick_Infected/Image670.jpg,Image670.jpg,infected,1,thick,thick_baseline,3840,2160,RGB,JPEG,0.6594,True,fb52010c754a5aafa07a5b06cd677b85,
data/thick_smears/Thick_Uninfected/Image1324.jpg,Image1324.jpg,uninfected,0,thick,thick_baseline,3840,2160,RGB,JPEG,0.3636,True,35b3b330cd525ca7e57b1c0230a24746,
data/thick_smears/Thick_Infected/Image725.jpg,Image725.jpg,infected,1,thick,thick_baseline,3840,2160,RGB,JPEG,0.623,True,7924d819d74b80919d72a911b3eacc5a,
data/thick_smears/Thick_Uninfected/Image1480.jpg,Image1480.jpg,uninfected,0,thick,thick_baseline,3840,2160,RGB,JPEG,0.9439,True,1bdb29f9da621901b69d4bff4af1a8b6,
data/thick_smears/Thick_Uninfected/Image1197.jpg,Image1197.jpg,uninfected,0,thick,thick_baseline,3840,2160,RGB,JPEG,0.404,True,8bf5925baaef3766fc694c677c70f4bc,
data/thick_smears/Thick_Infected/Image1064.jpg,Image1064.jpg,infected,1,thick,thick_baseline,1640,922,RGBA,PNG,1.7959,True,0ebd69ac52ecec4ed0bea3181a51a271,
data/thick_smears/Thick_Uninfected/Image2106.jpg,Image2106.jpg,uninfected,0,thick,thick_baseline,3840,2160,RGB,JPEG,0.8831,True,f3c3c2017bac348beb8b8f68f0ad1541,
data/thick_smears/Thick_Uninfected/Image1714.jpg,Image1714.jpg,uninfected,0,thick,thick_baseline,3840,2160,RGB,JPEG,1.079,True,18ed5a3b7dc4f568ae345a62245e6ab8,
data/thick_smears/Thick_Infected/Image55.jpg,Image55.jpg,infected,1,thick,thick_baseline,3840,2160,RGB,JPEG,0.3733,True,dec840d3ec5e2252046c4bb8203f5c4b,
data/thick_smears/Thick_Uninfected/Image1396.jpg,Image1396.jpg,uninfected,0,thick,thick_baseline,3840,2160,RGB,JPEG,0.9544,True,cde47b14fa06da22b333c93a4bcfd202,
data/thick_smears/Thick_Infected/Image187.jpg,Image187.jpg,infected,1,thick,thick_baseline,3840,2160,RGB,JPEG,0.637,True,cf7603472b9fce1af7df4b47a6aab306,
data/thick_smears/Thick_Uninfected/Image1780.jpg,Image1780.jpg,uninfected,0,thick,thick_baseline,3840,2160,RGB,JPEG,1.0056,True,87c6d7bcc1047133a19572f729e91c5c,
data/thick_smears/Thick_Infected/Image201.jpg,Image201.jpg,infected,1,thick,thick_baseline,3840,2160,RGB,JPEG,0.5465,True,376c991ac33177de51fc9b2981f9cd90,
data/thick_smears/Thick_Infected/Image418.jpg,Image418.jpg,infected,1,thick,thick_baseline,3840,2160,RGB,JPEG,0.6151,True,a4b06607398211a7253e9e023a4b4474,
data/thick_smears/Thick_Infected/Image138.jpg,Image138.jpg,infected,1,thick,thick_baseline,3840,2160,RGB,JPEG,0.5283,True,1f6fd34df8ab507482af938f4e5206de,
data/thick_smears/Thick_Uninfected/Image1517.jpg,Image1517.jpg,uninfected,0,thick,thick_baseline,3840,2160,RGB,JPEG,1.0486,True,9aaa14eedb86dd02753b3982f58b0e70,
data/thick_smears/Thick_Uninfected/Image1492.jpg,Image1492.jpg,uninfected,0,thick,thick_baseline,3840,2160,RGB,JPEG,0.832,True,6cefd901bad383509b1868b494312b33,
data/thick_smears/Thick_Uninfected/Image1238.jpg,Image1238.jpg,uninfected,0,thick,thick_baseline,3840,2160,RGB,JPEG,0.377,True,71e4ab751f23ccf983df87f3abc9bbac,
data/thick_smears/Thick_Uninfected/Image1216.jpg,Image1216.jpg,uninfected,0,thick,thick_baseline,3840,2160,RGB,JPEG,0.3549,True,b47460ca5b34522e8a7b4bbd473b84a6,
data/thick_smears/Thick_Uninfected/Image1307.jpg,Image1307.jpg,uninfected,0,thick,thick_baseline,3840,2160,RGB,JPEG,0.4236,True,3c8feef8d9af485534d69b625a8716cf,
data/thick_smears/Thick_Uninfected/Image1824.jpg,Image1824.jpg,uninfected,0,thick,thick_baseline,3840,2160,RGB,JPEG,0.8805,True,58040da6f2ecfd12c341a970573d8e0e,
data/thick_smears/Thick_Uninfected/Image1739.jpg,Image1739.jpg,uninfected,0,thick,thick_baseline,3840,2160,RGB,JPEG,0.9574,True,bc5ce66ddcf390df4667af925a7586b4,
data/thick_smears/Thick_Infected/Image21.jpg,Image21.jpg,infected,1,thick,thick_baseline,3840,2160,RGB,JPEG,0.5984,True,6ac285b6b7f86541a888b9f5cc0297ac,
data/thick_smears/Thick_Infected/Image354.jpg,Image354.jpg,infected,1,thick,thick_baseline,3840,2160,RGB,JPEG,0.6752,True,410a05b234a9cd38ea3ffb63c4bee8a7,
data/thick_smears/Thick_Infected/Image1113.jpg,Image1113.jpg,infected,1,thick,thick_baseline,1640,922,RGBA,PNG,1.6696,True,045c362ef025a80cd3ecbc678afb068f,
data/thick_smears/Thick_Infected/Image535.jpg,Image535.jpg,infected,1,thick,thick_baseline,3840,2160,RGB,JPEG,0.6369,True,a4ad404ba8d49095a7646e6010df9fe3,
data/thick_smears/Thick_Infected/Image41.jpg,Image41.jpg,infected,1,thick,thick_baseline,3840,2160,RGB,JPEG,0.6915,True,9fb822bab19a3539de40ca0e93e49343,
data/thick_smears/Thick_Uninfected/Image2140.jpg,Image2140.jpg,uninfected,0,thick,thick_baseline,3840,2160,RGB,JPEG,0.9183,True,457103ee25e1e2b35cc4827d4b6be4eb,
data/thick_smears/Thick_Uninfected/Image2059.jpg,Image2059.jpg,uninfected,0,thick,thick_baseline,3840,2160,RGB,JPEG,0.9032,True,a17d2762417d1ee5220765fbc3d5becd,
data/thick_smears/Thick_Infected/Image814.jpg,Image814.jpg,infected,1,thick,thick_baseline,3840,2160,RGB,JPEG,0.6851,True,7d920011162fcdcc2f04d0c3d2040c0b,
data/thick_smears/Thick_Infected/Image806.jpg,Image806.jpg,infected,1,thick,thick_baseline,3840,2160,RGB,JPEG,0.9147,True,2cce58d08bf2d401a8cefa5c45c99cd2,
data/thick_smears/Thick_Uninfected/Image1839.jpg,Image1839.jpg,uninfected,0,thick,thick_baseline,3840,2160,RGB,JPEG,0.8944,True,3012b755ceedc57929aee6f393bb814e,
data/thick_smears/Thick_Infected/Image505.jpg,Image505.jpg,infected,1,thick,thick_baseline,3840,2160,RGB,JPEG,0.75,True,8fbdae9f348c91470a17999efbcf94e1,
data/thick_smears/Thick_Uninfected/Image1918.jpg,Image1918.jpg,uninfected,0,thick,thick_baseline,3840,2160,RGB,JPEG,0.8765,True,54a6ecfafe33bccba9a69086e3058116,
data/thick_smears/Thick_Infected/Image819.jpg,Image819.jpg,infected,1,thick,thick_baseline,3840,2160,RGB,JPEG,0.7183,True,fbca03e5fa49e67f5e2d741a39f233c5,
data/thick_smears/Thick_Infected/Image334.jpg,Image334.jpg,infected,1,thick,thick_baseline,3840,2160,RGB,JPEG,0.6648,True,cf81888984cc77a736fb4aac77d5b54b,
data/thick_smears/Thick_Infected/Image665.jpg,Image665.jpg,infected,1,thick,thick_baseline,3840,2160,RGB,JPEG,0.7199,True,2efa2d9a9d0894fc0bd13d3137dfbf5b,
data/thick_smears/Thick_Infected/Image1034.jpg,Image1034.jpg,infected,1,thick,thick_baseline,3840,2160,RGB,JPEG,0.7076,True,911ff0c44eccefc955250b80e79fd871,
data/thick_smears/Thick_Uninfected/Image1745.jpg,Image1745.jpg,uninfected,0,thick,thick_baseline,3840,2160,RGB,JPEG,0.9579,True,eb2f6ae745638e3c64975a55a35bf2f6,
data/thick_smears/Thick_Infected/Image106.jpg,Image106.jpg,infected,1,thick,thick_baseline,3840,2160,RGB,JPEG,0.6424,True,766494b8655cd9ec36e7df1d1ddf75ef,
data/thick_smears/Thick_Infected/Image266.jpg,Image266.jpg,infected,1,thick,thick_baseline,3840,2160,RGB,JPEG,0.8345,True,703b12c2d58d608fc6f18a18641d92ec,
data/thick_smears/Thick_Uninfected/Image1856.jpg,Image1856.jpg,uninfected,0,thick,thick_baseline,3840,2160,RGB,JPEG,0.9423,True,c33978d31b8f8fdd51a1cc3cae2a1ee6,
data/thick_smears/Thick_Infected/Image935.jpg,Image935.jpg,infected,1,thick,thick_baseline,3840,2160,RGB,JPEG,0.6524,True,55eb0ba7130d9afa36c190ea0b9328ee,
data/thick_smears/Thick_Infected/Image89.jpg,Image89.jpg,infected,1,thick,thick_baseline,3840,2160,RGB,JPEG,0.3729,True,8ca5173eb7b84f99859ae4cb8acca3f2,
data/thick_smears/Thick_Uninfected/Image1937.jpg,Image1937.jpg,uninfected,0,thick,thick_baseline,3840,2160,RGB,JPEG,0.875,True,60fe2e568ab37296c53f8c17c2156eff,
data/thick_smears/Thick_Infected/Image268.jpg,Image268.jpg,infected,1,thick,thick_baseline,3840,2160,RGB,JPEG,0.7051,True,64782eda1a090fc1f0473d65a5302c7c,
data/thick_smears/Thick_Uninfected/Image2187.jpg,Image2187.jpg,uninfected,0,thick,thick_baseline,1640,922,RGBA,PNG,1.7329,True,e83c3ae32d8db4c7fdb3b92ddc7ca0eb,
data/thick_smears/Thick_Infected/Image702.jpg,Image702.jpg,infected,1,thick,thick_baseline,3840,2160,RGB,JPEG,0.5918,True,6080178a2476dc0aef6be77c312785b5,
data/thick_smears/Thick_Infected/Image833.jpg,Image833.jpg,infected,1,thick,thick_baseline,3840,2160,RGB,JPEG,0.7667,True,92fc6d3ba7720bb53814b76a387214e2,
data/thick_smears/Thick_Infected/Image1031.jpg,Image1031.jpg,infected,1,thick,thick_baseline,3840,2160,RGB,JPEG,0.5774,True,1dca93c74013391b4005b4f181ffb864,
data/thick_smears/Thick_Infected/Image673.jpg,Image673.jpg,infected,1,thick,thick_baseline,3840,2160,RGB,JPEG,0.6618,True,cdad7a826ce7007bd1a5f73e11b7d3f7,
data/thick_smears/Thick_Infected/Image596.jpg,Image596.jpg,infected,1,thick,thick_baseline,3840,2160,RGB,JPEG,0.5922,True,743516bb6a9a1bfe3d490b3bcf30e712,
data/thick_smears/Thick_Infected/Image541.jpg,Image541.jpg,infected,1,thick,thick_baseline,3840,2160,RGB,JPEG,0.7264,True,dc75de100b12485be38786e931087c33,
data/thick_smears/Thick_Uninfected/Image2012.jpg,Image2012.jpg,uninfected,0,thick,thick_baseline,3840,2160,RGB,JPEG,0.8982,True,31df1620705ee5a8c6717304f3be05ef,
data/thick_smears/Thick_Infected/Image292.jpg,Image292.jpg,infected,1,thick,thick_baseline,3840,2160,RGB,JPEG,0.6913,True,5eaf44f8e2ee9ed73696a123a9501d55,
data/thick_smears/Thick_Infected/Image190.jpg,Image190.jpg,infected,1,thick,thick_baseline,3840,2160,RGB,JPEG,0.5411,True,f33a83c2ac06b8477c9c52361f8f0bd8,
data/thick_smears/Thick_Infected/Image366.jpg,Image366.jpg,infected,1,thick,thick_baseline,3840,2160,RGB,JPEG,0.7052,True,846e6069d11c4ba28111d7aaab0cfd97,
data/thick_smears/Thick_Uninfected/Image1952.jpg,Image1952.jpg,uninfected,0,thick,thick_baseline,3840,2160,RGB,JPEG,0.9049,True,eec1929b4e7cc65991f3511d404529cb,
data/thick_smears/Thick_Uninfected/Image1317.jpg,Image1317.jpg,uninfected,0,thick,thick_baseline,3840,2160,RGB,JPEG,0.5899,True,8e5aef71841dda4348ca905db7c4e5af,
data/thick_smears/Thick_Infected/Image810.jpg,Image810.jpg,infected,1,thick,thick_baseline,3840,2160,RGB,JPEG,0.7592,True,8970809cb928244aa612ff3f2d5f2c12,
data/thick_smears/Thick_Infected/Image867.jpg,Image867.jpg,infected,1,thick,thick_baseline,3840,2160,RGB,JPEG,0.837,True,9efb57f6b8fa41dc9d6a9c4da5b5329d,
data/thick_smears/Thick_Uninfected/Image1786.jpg,Image1786.jpg,uninfected,0,thick,thick_baseline,3840,2160,RGB,JPEG,0.8877,True,c6619c1c0112f7251668fe7a7870af32,
data/thick_smears/Thick_Uninfected/Image1859.jpg,Image1859.jpg,uninfected,0,thick,thick_baseline,3840,2160,RGB,JPEG,0.9425,True,91065a3cb58029143934fbe2a5aa0260,
data/thick_smears/Thick_Infected/Image1097.jpg,Image1097.jpg,infected,1,thick,thick_baseline,1640,922,RGBA,PNG,1.6904,True,59053eaf7a062e407c7c5a021087a543,
data/thick_smears/Thick_Infected/Image65.jpg,Image65.jpg,infected,1,thick,thick_baseline,3840,2160,RGB,JPEG,0.3876,True,8589f04a4c491d5032968fc966e5bb99,
data/thick_smears/Thick_Uninfected/Image2138.jpg,Image2138.jpg,uninfected,0,thick,thick_baseline,3840,2160,RGB,JPEG,0.8573,True,dd741ff38c4d1d1043f9dc6ea34165cd,
data/thick_smears/Thick_Infected/Image784.jpg,Image784.jpg,infected,1,thick,thick_baseline,3840,2160,RGB,JPEG,0.6749,True,4c5583378bce6a3cb26f6174e4afb1fa,
data/thick_smears/Thick_Uninfected/Image2057.jpg,Image2057.jpg,uninfected,0,thick,thick_baseline,3840,2160,RGB,JPEG,0.8362,True,2999230e0e79657b6bf032b4a9925498,
data/thick_smears/Thick_Uninfected/Image1733.jpg,Image1733.jpg,uninfected,0,thick,thick_baseline,3840,2160,RGB,JPEG,0.8413,True,1d2364409711f7dd66d63da880bcad1d,
data/thick_smears/Thick_Uninfected/Image1929.jpg,Image1929.jpg,uninfected,0,thick,thick_baseline,3840,2160,RGB,JPEG,0.8437,True,a190ea19871539b4d4909c3088d8c6ae,
data/thick_smears/Thick_Uninfected/Image1393.jpg,Image1393.jpg,uninfected,0,thick,thick_baseline,3840,2160,RGB,JPEG,0.926,True,5eea16d47b6dca6e8f7f9dfacd365b36,
data/thick_smears/Thick_Infected/Image372.jpg,Image372.jpg,infected,1,thick,thick_baseline,3840,2160,RGB,JPEG,0.6455,True,16fcbdb174d2a360fa3c774ee0eb76bf,
data/thick_smears/Thick_Infected/Image327.jpg,Image327.jpg,infected,1,thick,thick_baseline,3840,2160,RGB,JPEG,0.6073,True,5dfe05ec5ffae1cabcfebc748463a446,
data/thick_smears/Thick_Uninfected/Image1441.jpg,Image1441.jpg,uninfected,0,thick,thick_baseline,3840,2160,RGB,JPEG,0.8734,True,dc1a98bf5a27b7da8397154bdfe29405,
data/thick_smears/Thick_Infected/Image1050.jpg,Image1050.jpg,infected,1,thick,thick_baseline,3840,2160,RGB,JPEG,0.6758,True,179e713f0efe72c04f66b46236ac2c5d,
data/thick_smears/Thick_Infected/Image965.jpg,Image965.jpg,infected,1,thick,thick_baseline,3840,2160,RGB,JPEG,0.6731,True,ab560b600db757d9fbbd43f3e7c5f808,
data/thick_smears/Thick_Infected/Image25.jpg,Image25.jpg,infected,1,thick,thick_baseline,3840,2160,RGB,JPEG,0.6434,True,61172337f3415b9893a29fc0d036f352,
data/thick_smears/Thick_Infected/Image144.jpg,Image144.jpg,infected,1,thick,thick_baseline,3840,2160,RGB,JPEG,0.5538,True,924b4235f1dd2960cdf63e1b1a33b4a0,
data/thick_smears/Thick_Infected/Image646.jpg,Image646.jpg,infected,1,thick,thick_baseline,3840,2160,RGB,JPEG,0.6955,True,3418174afe4bed2ad6d27cb566f408b9,
data/thick_smears/Thick_Uninfected/Image1266.jpg,Image1266.jpg,uninfected,0,thick,thick_baseline,3840,2160,RGB,JPEG,0.3862,True,021d5ac727b134f7bfc13d6066938376,
data/thick_smears/Thick_Infected/Image422.jpg,Image422.jpg,infected,1,thick,thick_baseline,3840,2160,RGB,JPEG,0.5941,True,3a106346af0ba859be1c0c13ccc20101,
data/thick_smears/Thick_Infected/Image197.jpg,Image197.jpg,infected,1,thick,thick_baseline,3840,2160,RGB,JPEG,0.4727,True,9b3cc759edc9e20b7f1c7dc854369440,
data/thick_smears/Thick_Uninfected/Image2134.jpg,Image2134.jpg,uninfected,0,thick,thick_baseline,3840,2160,RGB,JPEG,0.9303,True,22ade89c7013d7a06e3ad113a0b14ccd,
data/thick_smears/Thick_Uninfected/Image1725.jpg,Image1725.jpg,uninfected,0,thick,thick_baseline,3840,2160,RGB,JPEG,0.9004,True,c2aa5bdf43613eadf4851fe7c057c6ee,
data/thick_smears/Thick_Uninfected/Image1955.jpg,Image1955.jpg,uninfected,0,thick,thick_baseline,3840,2160,RGB,JPEG,0.895,True,7add50eb390f655bb3ec6c6c858d105f,
data/thick_smears/Thick_Uninfected/Image1301.jpg,Image1301.jpg,uninfected,0,thick,thick_baseline,3840,2160,RGB,JPEG,0.4231,True,756bdd3adcd330819dfbe771c9968516,
data/thick_smears/Thick_Infected/Image804.jpg,Image804.jpg,infected,1,thick,thick_baseline,3840,2160,RGB,JPEG,0.8649,True,62d7fbac1968bdd8150b9d6fd0230b97,
data/thick_smears/Thick_Infected/Image794.jpg,Image794.jpg,infected,1,thick,thick_baseline,3840,2160,RGB,JPEG,0.6105,True,468c9064d5f4b16bb3280fbf38e497f5,
data/thick_smears/Thick_Infected/Image933.jpg,Image933.jpg,infected,1,thick,thick_baseline,3840,2160,RGB,JPEG,0.6484,True,47abc430503f225db8c56578fa1f8fb9,
data/thick_smears/Thick_Infected/Image677.jpg,Image677.jpg,infected,1,thick,thick_baseline,3840,2160,RGB,JPEG,0.5972,True,d69c963e7dc787e5aa499e8665f7db42,
data/thick_smears/Thick_Uninfected/Image1882.jpg,Image1882.jpg,uninfected,0,thick,thick_baseline,3840,2160,RGB,JPEG,0.9676,True,cb22fa0ecf7eb7200d984199fa361669,
data/thick_smears/Thick_Infected/Image156.jpg,Image156.jpg,infected,1,thick,thick_baseline,3840,2160,RGB,JPEG,0.4363,True,eda97d2e56e512a5c303d68fa6001422,
data/thick_smears/Thick_Infected/Image555.jpg,Image555.jpg,infected,1,thick,thick_baseline,3840,2160,RGB,JPEG,0.6703,True,cc02253de33b2b474a8b032e2a98e466,
data/thick_smears/Thick_Infected/Image279.jpg,Image279.jpg,infected,1,thick,thick_baseline,3840,2160,RGB,JPEG,0.6806,True,c444a5f83efc9534ba9d2f376eb5d9bf,
data/thick_smears/Thick_Infected/Image254.jpg,Image254.jpg,infected,1,thick,thick_baseline,3840,2160,RGB,JPEG,0.6921,True,d187785040149159072c39309ce9afa0,
data/thick_smears/Thick_Infected/Image1090.jpg,Image1090.jpg,infected,1,thick,thick_baseline,1640,922,RGBA,PNG,1.7958,True,059652ed92fc31c1de53fe6f410ca7d0,
data/thick_smears/Thick_Uninfected/Image1612.jpg,Image1612.jpg,uninfected,0,thick,thick_baseline,3840,2160,RGB,JPEG,1.0353,True,819949d97b5176f082eb0395604efac2,
data/thick_smears/Thick_Infected/Image242.jpg,Image242.jpg,infected,1,thick,thick_baseline,3840,2160,RGB,JPEG,0.8891,True,7a8552f6724b847d0c54e12c53989048,
data/thick_smears/Thick_Infected/Image776.jpg,Image776.jpg,infected,1,thick,thick_baseline,3840,2160,RGB,JPEG,0.6769,True,2f7e96f838bdbae6dc5c010430711b57,
data/thick_smears/Thick_Uninfected/Image1294.jpg,Image1294.jpg,uninfected,0,thick,thick_baseline,3840,2160,RGB,JPEG,0.4465,True,f6f7618826ee77483588b1aa0d07f93b,
data/thick_smears/Thick_Uninfected/Image1942.jpg,Image1942.jpg,uninfected,0,thick,thick_baseline,3840,2160,RGB,JPEG,1.0401,True,6b4361eedb2bbef64b29aa6b05b7e6b9,
data/thick_smears/Thick_Infected/Image446.jpg,Image446.jpg,infected,1,thick,thick_baseline,3840,2160,RGB,JPEG,0.7339,True,9fc80387f1b081f9612d5027592d0e69,
data/thick_smears/Thick_Uninfected/Image1954.jpg,Image1954.jpg,uninfected,0,thick,thick_baseline,3840,2160,RGB,JPEG,0.9544,True,e7ba8b4cc15b92aa969fb3e299617bd1,
data/thick_smears/Thick_Infected/Image901.jpg,Image901.jpg,infected,1,thick,thick_baseline,3840,2160,RGB,JPEG,0.5292,True,c2b45a580e280d65cc90fbe8037ca6e3,
data/thick_smears/Thick_Infected/Image903.jpg,Image903.jpg,infected,1,thick,thick_baseline,3840,2160,RGB,JPEG,0.6302,True,06d89821fba9166d610fe52997d49cc2,
data/thick_smears/Thick_Uninfected/Image1976.jpg,Image1976.jpg,uninfected,0,thick,thick_baseline,3840,2160,RGB,JPEG,0.9307,True,14b263f6c77f4b541850b1c88bb36ada,
data/thick_smears/Thick_Uninfected/Image1286.jpg,Image1286.jpg,uninfected,0,thick,thick_baseline,3840,2160,RGB,JPEG,0.4301,True,6c2702b7e299b4ff63d28c4947df1072,
data/thick_smears/Thick_Uninfected/Image2014.jpg,Image2014.jpg,uninfected,0,thick,thick_baseline,3840,2160,RGB,JPEG,0.9055,True,5d988d07a618b9df49d1fa702f9a8fa4,
data/thick_smears/Thick_Uninfected/Image1636.jpg,Image1636.jpg,uninfected,0,thick,thick_baseline,3840,2160,RGB,JPEG,0.9739,True,5d4d9e1f573c9d3546e74f63087c9c11,
data/thick_smears/Thick_Infected/Image246.jpg,Image246.jpg,infected,1,thick,thick_baseline,3840,2160,RGB,JPEG,0.6118,True,fbecaea6e61018bfb7e1c46cd23b1c9e,
data/thick_smears/Thick_Infected/Image584.jpg,Image584.jpg,infected,1,thick,thick_baseline,3840,2160,RGB,JPEG,0.6477,True,132d1997c6440fb9fa1aaeedb74edc6d,
data/thick_smears/Thick_Infected/Image288.jpg,Image288.jpg,infected,1,thick,thick_baseline,3840,2160,RGB,JPEG,0.5937,True,c9d4043cb4bbbee86487a0d673917da1,
data/thick_smears/Thick_Infected/Image611.jpg,Image611.jpg,infected,1,thick,thick_baseline,3840,2160,RGB,JPEG,0.7021,True,a1365e20b350dd3ce9128d7a321dee20,
data/thick_smears/Thick_Infected/Image1093.jpg,Image1093.jpg,infected,1,thick,thick_baseline,1640,922,RGBA,PNG,1.8038,True,e01c8708144cb7630ec5a5d53b4e501d,
data/thick_smears/Thick_Infected/Image499.jpg,Image499.jpg,infected,1,thick,thick_baseline,3840,2160,RGB,JPEG,0.5994,True,940c64de593c0d9d8d06c7ce61c6c6e8,
data/thick_smears/Thick_Infected/Image244.jpg,Image244.jpg,infected,1,thick,thick_baseline,3840,2160,RGB,JPEG,0.6346,True,136797c480de5a0779f0bcb2a2708b5c,
data/thick_smears/Thick_Uninfected/Image1811.jpg,Image1811.jpg,uninfected,0,thick,thick_baseline,3840,2160,RGB,JPEG,0.9235,True,e8fa5bd2e73e12ad6ff7e0b105ae5ba4,
data/thick_smears/Thick_Uninfected/Image1523.jpg,Image1523.jpg,uninfected,0,thick,thick_baseline,3840,2160,RGB,JPEG,0.9955,True,cb87062beb3301b9f7bc3216c1081b48,
data/thick_smears/Thick_Infected/Image474.jpg,Image474.jpg,infected,1,thick,thick_baseline,3840,2160,RGB,JPEG,0.6244,True,7e3b955a0010c795940aef8295eaf2fc,
data/thick_smears/Thick_Infected/Image379.jpg,Image379.jpg,infected,1,thick,thick_baseline,3840,2160,RGB,JPEG,0.6734,True,74a8b97eb39e1662ef32354e631f0bf2,
data/thick_smears/Thick_Infected/Image326.jpg,Image326.jpg,infected,1,thick,thick_baseline,3840,2160,RGB,JPEG,0.7642,True,a797dc5d495d533e807320a74f303e27,
data/thick_smears/Thick_Infected/Image962.jpg,Image962.jpg,infected,1,thick,thick_baseline,3840,2160,RGB,JPEG,0.7406,True,2340c585330cdcf005d1b64b336a364e,
data/thick_smears/Thick_Infected/Image441.jpg,Image441.jpg,infected,1,thick,thick_baseline,3840,2160,RGB,JPEG,0.6167,True,bffba0568a65abf478d8a96e89818c90,
data/thick_smears/Thick_Uninfected/Image1581.jpg,Image1581.jpg,uninfected,0,thick,thick_baseline,3840,2160,RGB,JPEG,0.9413,True,b83a1894523b943cbec98efcb213c569,
data/thick_smears/Thick_Uninfected/Image1452.jpg,Image1452.jpg,uninfected,0,thick,thick_baseline,3840,2160,RGB,JPEG,0.6685,True,5a101899ffdf8b1cc7015ed056efc0db,
data/thick_smears/Thick_Infected/Image94.jpg,Image94.jpg,infected,1,thick,thick_baseline,3840,2160,RGB,JPEG,0.415,True,6ba475297b780ba485bb90d2d4a8e6df,
data/thick_smears/Thick_Infected/Image828.jpg,Image828.jpg,infected,1,thick,thick_baseline,3840,2160,RGB,JPEG,0.777,True,701ad3a96d220624d6aab1d2207025d3,
data/thick_smears/Thick_Infected/Image1062.jpg,Image1062.jpg,infected,1,thick,thick_baseline,1640,922,RGBA,PNG,1.7485,True,ff01ba2c4e29fb80c5a5e2638efe8694,
data/thick_smears/Thick_Infected/Image940.jpg,Image940.jpg,infected,1,thick,thick_baseline,3840,2160,RGB,JPEG,0.6468,True,2e5b6f4acc6ef545a13349afc94d9383,
data/thick_smears/Thick_Infected/Image1004.jpg,Image1004.jpg,infected,1,thick,thick_baseline,3840,2160,RGB,JPEG,0.7116,True,d59130cbc2673aacc7d42ead97c69b89,
data/thick_smears/Thick_Uninfected/Image1691.jpg,Image1691.jpg,uninfected,0,thick,thick_baseline,3840,2160,RGB,JPEG,0.8623,True,5c71358a2cfaaa7bb8280bd7979efde0,
data/thick_smears/Thick_Infected/Image394.jpg,Image394.jpg,infected,1,thick,thick_baseline,3840,2160,RGB,JPEG,0.5937,True,eecca1f75dfee7f33144e83f54ca74b4,
data/thick_smears/Thick_Infected/Image04.jpg,Image04.jpg,infected,1,thick,thick_baseline,3840,2160,RGB,JPEG,0.5807,True,4707fcba92bb4f105a3949f72240d4ce,
data/thick_smears/Thick_Uninfected/Image1994.jpg,Image1994.jpg,uninfected,0,thick,thick_baseline,3840,2160,RGB,JPEG,1.0631,True,c77cd88e8129d72cda85d5a741ca1413,
data/thick_smears/Thick_Infected/Image1054.jpg,Image1054.jpg,infected,1,thick,thick_baseline,3840,2160,RGB,JPEG,0.5457,True,320fcf85ef2b5fdf494da1cc6c4b35d8,
data/thick_smears/Thick_Uninfected/Image1415.jpg,Image1415.jpg,uninfected,0,thick,thick_baseline,3840,2160,RGB,JPEG,0.9474,True,ef505a03f50ad065171546767d1c4790,
data/thick_smears/Thick_Infected/Image442.jpg,Image442.jpg,infected,1,thick,thick_baseline,3840,2160,RGB,JPEG,0.6496,True,467ff90a63e0bcacd5e16d7627c272dd,
data/thick_smears/Thick_Infected/Image121.jpg,Image121.jpg,infected,1,thick,thick_baseline,3840,2160,RGB,JPEG,0.5559,True,cc4820d6bcff6d2f88dcec9a21da6838,
data/thick_smears/Thick_Infected/Image358.jpg,Image358.jpg,infected,1,thick,thick_baseline,3840,2160,RGB,JPEG,0.7046,True,8eb6d7db764ea83054b8016d93996685,
data/thick_smears/Thick_Infected/Image652.jpg,Image652.jpg,infected,1,thick,thick_baseline,3840,2160,RGB,JPEG,0.6589,True,08ccb0ce46e2ab495fed747d3145f581,
data/thick_smears/Thick_Infected/Image482.jpg,Image482.jpg,infected,1,thick,thick_baseline,3840,2160,RGB,JPEG,0.6736,True,36058bb885bce151838e7cc756d9594f,
data/thick_smears/Thick_Infected/Image203.jpg,Image203.jpg,infected,1,thick,thick_baseline,3840,2160,RGB,JPEG,0.553,True,de888d2dba7238ea7513b8e6b2fa8077,
data/thick_smears/Thick_Infected/Image159.jpg,Image159.jpg,infected,1,thick,thick_baseline,3840,2160,RGB,JPEG,0.4746,True,49244618bb1e25631c366f548229bfec,
data/thick_smears/Thick_Infected/Image692.jpg,Image692.jpg,infected,1,thick,thick_baseline,3840,2160,RGB,JPEG,0.6678,True,c96b5909961bcd1720bd8e43d98afc58,
data/thick_smears/Thick_Infected/Image285.jpg,Image285.jpg,infected,1,thick,thick_baseline,3840,2160,RGB,JPEG,0.5921,True,2f9bd4a0fb4c4d51401dc0c0d7bd56d3,
data/thick_smears/Thick_Uninfected/Image1834.jpg,Image1834.jpg,uninfected,0,thick,thick_baseline,3840,2160,RGB,JPEG,0.9793,True,a755c020927da98f2d74985a5f528dae,
data/thick_smears/Thick_Uninfected/Image2107.jpg,Image2107.jpg,uninfected,0,thick,thick_baseline,3840,2160,RGB,JPEG,0.8853,True,187a8341fa6a309dccdd73f95b11be74,
data/thick_smears/Thick_Infected/Image877.jpg,Image877.jpg,infected,1,thick,thick_baseline,3840,2160,RGB,JPEG,0.7236,True,79379f0c8a81f27e5ba50798cd53ac42,
data/thick_smears/Thick_Infected/Image1032.jpg,Image1032.jpg,infected,1,thick,thick_baseline,3840,2160,RGB,JPEG,0.6759,True,dcf96c0584f0eaa06bb517ece0c01693,
data/thick_smears/Thick_Uninfected/Image2074.jpg,Image2074.jpg,uninfected,0,thick,thick_baseline,3840,2160,RGB,JPEG,0.9475,True,318b3546608382eabefe467a91f1a8be,
data/thick_smears/Thick_Uninfected/Image1909.jpg,Image1909.jpg,uninfected,0,thick,thick_baseline,3840,2160,RGB,JPEG,0.9541,True,69a98cdd8ae804b2833e7fe047eaf507,
data/thick_smears/Thick_Uninfected/Image1355.jpg,Image1355.jpg,uninfected,0,thick,thick_baseline,3840,2160,RGB,JPEG,0.9815,True,3c11878b94e340de1a6196f072df77fd,
data/thick_smears/Thick_Infected/Image52.jpg,Image52.jpg,infected,1,thick,thick_baseline,3840,2160,RGB,JPEG,0.5079,True,657c64f6feaba676fb01f055be6915ea,
data/thick_smears/Thick_Infected/Image457.jpg,Image457.jpg,infected,1,thick,thick_baseline,3840,2160,RGB,JPEG,0.6097,True,0c50a2d8f93af58864bb8d3fad1d2724,
data/thick_smears/Thick_Infected/Image925.jpg,Image925.jpg,infected,1,thick,thick_baseline,3840,2160,RGB,JPEG,0.6813,True,61d08e0c37190796617cf9758271bfb6,
data/thick_smears/Thick_Infected/Image758.jpg,Image758.jpg,infected,1,thick,thick_baseline,3840,2160,RGB,JPEG,0.5884,True,3e5dd9fcbaa2a57174d4a9f40f795d3b,
data/thick_smears/Thick_Infected/Image448.jpg,Image448.jpg,infected,1,thick,thick_baseline,3840,2160,RGB,JPEG,0.5612,True,e778bea56abc39a41ef31918cbd58be6,
data/thick_smears/Thick_Uninfected/Image1690.jpg,Image1690.jpg,uninfected,0,thick,thick_baseline,3840,2160,RGB,JPEG,0.9573,True,32cf22dc0d764e243da5f1c4f6c45248,
data/thick_smears/Thick_Uninfected/Image1267.jpg,Image1267.jpg,uninfected,0,thick,thick_baseline,3840,2160,RGB,JPEG,0.4459,True,461468d335bacfa0217fc88e8f21414b,
data/thick_smears/Thick_Infected/Image1125.jpg,Image1125.jpg,infected,1,thick,thick_baseline,1640,922,RGBA,PNG,1.6049,True,1a792decf5ed1059b38e521e4c04996d,
data/thick_smears/Thick_Uninfected/Image1378.jpg,Image1378.jpg,uninfected,0,thick,thick_baseline,3840,2160,RGB,JPEG,0.9249,True,d326f44ff80a920a8b6b2dc6893c4be7,
data/thick_smears/Thick_Infected/Image1078.jpg,Image1078.jpg,infected,1,thick,thick_baseline,1640,922,RGBA,PNG,1.5763,True,efb4e83d679c152f394203c57c2f5b80,
data/thick_smears/Thick_Uninfected/Image1227.jpg,Image1227.jpg,uninfected,0,thick,thick_baseline,3840,2160,RGB,JPEG,0.4399,True,3f217617a322af15397db1039625823d,
data/thick_smears/Thick_Uninfected/Image1367.jpg,Image1367.jpg,uninfected,0,thick,thick_baseline,3840,2160,RGB,JPEG,0.9544,True,8b4aa171b84d60c93571482ce490a095,
data/thick_smears/Thick_Uninfected/Image1654.jpg,Image1654.jpg,uninfected,0,thick,thick_baseline,3840,2160,RGB,JPEG,0.9542,True,1ce31412c4d5cfdf24c9d8938b595d27,
data/thick_smears/Thick_Uninfected/Image1490.jpg,Image1490.jpg,uninfected,0,thick,thick_baseline,3840,2160,RGB,JPEG,0.8445,True,e06cebe198e6a8acf25995eff38e16a2,
data/thick_smears/Thick_Infected/Image300.jpg,Image300.jpg,infected,1,thick,thick_baseline,3840,2160,RGB,JPEG,0.5739,True,897421c9c5fe198273d573507a8fbaf3,
data/thick_smears/Thick_Infected/Image265.jpg,Image265.jpg,infected,1,thick,thick_baseline,3840,2160,RGB,JPEG,0.6118,True,eae692f4cb85aa3f068fb488e4575d92,
data/thick_smears/Thick_Uninfected/Image1603.jpg,Image1603.jpg,uninfected,0,thick,thick_baseline,3840,2160,RGB,JPEG,0.8605,True,4b90fc58b4ca63ac33ffde74425cc7ac,
data/thick_smears/Thick_Uninfected/Image1223.jpg,Image1223.jpg,uninfected,0,thick,thick_baseline,3840,2160,RGB,JPEG,0.3654,True,be333cd539addc199f275f81440b8440,
data/thick_smears/Thick_Infected/Image231.jpg,Image231.jpg,infected,1,thick,thick_baseline,3840,2160,RGB,JPEG,0.5472,True,10d6d38b7f7bcc8ddeea38cacf71fced,
data/thick_smears/Thick_Infected/Image124.jpg,Image124.jpg,infected,1,thick,thick_baseline,3840,2160,RGB,JPEG,0.5615,True,4f1cb19a96d0a3ad1940266c3b41a3e6,
data/thick_smears/Thick_Infected/Image642.jpg,Image642.jpg,infected,1,thick,thick_baseline,3840,2160,RGB,JPEG,0.6954,True,75f3548d0b270bed400fb7d97d44c8c3,
data/thick_smears/Thick_Uninfected/Image1336.jpg,Image1336.jpg,uninfected,0,thick,thick_baseline,3840,2160,RGB,JPEG,0.4659,True,e5c5cbef08dc9de56b1569f1d62c78ad,
data/thick_smears/Thick_Uninfected/Image2095.jpg,Image2095.jpg,uninfected,0,thick,thick_baseline,3840,2160,RGB,JPEG,0.9284,True,2a7b10736fe1117f53cfdea8982813b8,
data/thick_smears/Thick_Uninfected/Image1627.jpg,Image1627.jpg,uninfected,0,thick,thick_baseline,3840,2160,RGB,JPEG,0.9423,True,bbc39c795394b9212ceb55b19190b781,
data/thick_smears/Thick_Infected/Image56.jpg,Image56.jpg,infected,1,thick,thick_baseline,3840,2160,RGB,JPEG,0.6085,True,c7b4c15fe415e0d15ff9a2ce60d75cc2,
data/thick_smears/Thick_Infected/Image206.jpg,Image206.jpg,infected,1,thick,thick_baseline,3840,2160,RGB,JPEG,0.5997,True,84851ed1afdb148ee5b31d3ebbcdb4ea,
data/thick_smears/Thick_Infected/Image479.jpg,Image479.jpg,infected,1,thick,thick_baseline,3840,2160,RGB,JPEG,0.663,True,086981bf207c9171e817b0542e44c4d1,
data/thick_smears/Thick_Uninfected/Image2070.jpg,Image2070.jpg,uninfected,0,thick,thick_baseline,3840,2160,RGB,JPEG,0.8899,True,9255de42555b7b24066008f34f16fb7d,
data/thick_smears/Thick_Uninfected/Image1303.jpg,Image1303.jpg,uninfected,0,thick,thick_baseline,3840,2160,RGB,JPEG,0.3764,True,cec1b56b645057f7212c8d45c65114aa,
data/thick_smears/Thick_Uninfected/Image1323.jpg,Image1323.jpg,uninfected,0,thick,thick_baseline,3840,2160,RGB,JPEG,0.5349,True,7d84bd4aefaea25ae01c4516460df966,
data/thick_smears/Thick_Uninfected/Image2132.jpg,Image2132.jpg,uninfected,0,thick,thick_baseline,3840,2160,RGB,JPEG,0.9697,True,9b236bf8218b7b20f57713aaeb658364,
data/thick_smears/Thick_Infected/Image248.jpg,Image248.jpg,infected,1,thick,thick_baseline,3840,2160,RGB,JPEG,0.7699,True,f3e70aad2b8d0934af214338b2cf44a7,
data/thick_smears/Thick_Uninfected/Image1607.jpg,Image1607.jpg,uninfected,0,thick,thick_baseline,3840,2160,RGB,JPEG,0.9575,True,b8cbc776b8a4c94de6a614cc2b9d9f12,
data/thick_smears/Thick_Uninfected/Image1268.jpg,Image1268.jpg,uninfected,0,thick,thick_baseline,3840,2160,RGB,JPEG,0.3949,True,e6567e7fd56e781d677b75a45747400d,
data/thick_smears/Thick_Uninfected/Image1717.jpg,Image1717.jpg,uninfected,0,thick,thick_baseline,3840,2160,RGB,JPEG,0.8887,True,e22acc1e708c2f3c4facb2d6c94811a9,
data/thick_smears/Thick_Uninfected/Image1722.jpg,Image1722.jpg,uninfected,0,thick,thick_baseline,3840,2160,RGB,JPEG,1.0283,True,159be4fd9aaf5e1320c1fbbf1fe5d508,
data/thick_smears/Thick_Uninfected/Image1759.jpg,Image1759.jpg,uninfected,0,thick,thick_baseline,3840,2160,RGB,JPEG,0.829,True,0446e392e27255baaead7075af3e007a,
data/thick_smears/Thick_Infected/Image739.jpg,Image739.jpg,infected,1,thick,thick_baseline,3840,2160,RGB,JPEG,0.73,True,37eb770edbb0c5682ebcf3b2152d1c78,
data/thick_smears/Thick_Uninfected/Image1555.jpg,Image1555.jpg,uninfected,0,thick,thick_baseline,3840,2160,RGB,JPEG,0.8665,True,bf23d26a9dfd9be53f508d1bef90e857,
data/thick_smears/Thick_Infected/Image236.jpg,Image236.jpg,infected,1,thick,thick_baseline,3840,2160,RGB,JPEG,0.4515,True,b1060b357e9fbde9a42305fa951b7a08,
data/thick_smears/Thick_Uninfected/Image2191.jpg,Image2191.jpg,uninfected,0,thick,thick_baseline,1640,922,RGBA,PNG,1.7996,True,29d4ac4ec50390238859ca4ccb91d069,
data/thick_smears/Thick_Infected/Image463.jpg,Image463.jpg,infected,1,thick,thick_baseline,3840,2160,RGB,JPEG,0.6844,True,0a06b77d5b859764b742156d61459e19,
data/thick_smears/Thick_Uninfected/Image1349.jpg,Image1349.jpg,uninfected,0,thick,thick_baseline,3840,2160,RGB,JPEG,1.0054,True,970d3426dcdb0a2e4cf00ad3e82a6e0e,
data/thick_smears/Thick_Uninfected/Image1187.jpg,Image1187.jpg,uninfected,0,thick,thick_baseline,3840,2160,RGB,JPEG,0.3583,True,a07f87df7141c33995e97542bb17337a,
data/thick_smears/Thick_Uninfected/Image2097.jpg,Image2097.jpg,uninfected,0,thick,thick_baseline,3840,2160,RGB,JPEG,0.8786,True,f8a5f5a6f9b634ab33607182285c4741,
data/thick_smears/Thick_Infected/Image603.jpg,Image603.jpg,infected,1,thick,thick_baseline,3840,2160,RGB,JPEG,0.6245,True,5a25a262464e38a373e42e22115ca393,
data/thick_smears/Thick_Uninfected/Image1553.jpg,Image1553.jpg,uninfected,0,thick,thick_baseline,3840,2160,RGB,JPEG,0.9889,True,90d72f0b025310a68fd0840d7b268fe8,
data/thick_smears/Thick_Infected/Image786.jpg,Image786.jpg,infected,1,thick,thick_baseline,3840,2160,RGB,JPEG,0.6734,True,4844696e6e046b4d55c54473e1952064,
data/thick_smears/Thick_Infected/Image655.jpg,Image655.jpg,infected,1,thick,thick_baseline,3840,2160,RGB,JPEG,0.6546,True,8876fae4cc00541d49d4c8d82b19a63c,
data/thick_smears/Thick_Uninfected/Image1437.jpg,Image1437.jpg,uninfected,0,thick,thick_baseline,3840,2160,RGB,JPEG,1.0334,True,d49247528f0eb44ef8f55f6e98fd412d,
data/thick_smears/Thick_Infected/Image768.jpg,Image768.jpg,infected,1,thick,thick_baseline,3840,2160,RGB,JPEG,0.6877,True,7d2a62ff38754b4eabf2629a7b59db8c,
data/thick_smears/Thick_Infected/Image613.jpg,Image613.jpg,infected,1,thick,thick_baseline,3840,2160,RGB,JPEG,0.6786,True,07683da5106fa23e7ccc69d791e28ada,
data/thick_smears/Thick_Uninfected/Image1715.jpg,Image1715.jpg,uninfected,0,thick,thick_baseline,3840,2160,RGB,JPEG,0.8414,True,bbceeff0bd0a5fac84651e9e334314f0,
data/thick_smears/Thick_Uninfected/Image1963.jpg,Image1963.jpg,uninfected,0,thick,thick_baseline,3840,2160,RGB,JPEG,0.874,True,f84d697f55d0fae70e23b363671b8d37,
data/thick_smears/Thick_Uninfected/Image1567.jpg,Image1567.jpg,uninfected,0,thick,thick_baseline,3840,2160,RGB,JPEG,0.8952,True,6503b7bb3d5e45e5914c4f47a6e46105,
data/thick_smears/Thick_Uninfected/Image1543.jpg,Image1543.jpg,uninfected,0,thick,thick_baseline,3840,2160,RGB,JPEG,0.9127,True,4fddf0675d78c196c53d1b09a45d55d6,
data/thick_smears/Thick_Uninfected/Image1925.jpg,Image1925.jpg,uninfected,0,thick,thick_baseline,3840,2160,RGB,JPEG,0.8775,True,cc474a917bb1e8069a02fdc1af26219e,
data/thick_smears/Thick_Infected/Image760.jpg,Image760.jpg,infected,1,thick,thick_baseline,3840,2160,RGB,JPEG,0.6284,True,3624dcb0e177cfba600a4f6709d4d886,
data/thick_smears/Thick_Infected/Image738.jpg,Image738.jpg,infected,1,thick,thick_baseline,3840,2160,RGB,JPEG,0.7331,True,f2538d6e48892773a7b2f0116d38405a,
data/thick_smears/Thick_Infected/Image880.jpg,Image880.jpg,infected,1,thick,thick_baseline,3840,2160,RGB,JPEG,0.7197,True,dc2e2dd3436944bff1c1072e18d669ff,
data/thick_smears/Thick_Infected/Image351.jpg,Image351.jpg,infected,1,thick,thick_baseline,3840,2160,RGB,JPEG,0.6614,True,8b0fd44b5bcf3987c1167385d14bca42,
data/thick_smears/Thick_Uninfected/Image1701.jpg,Image1701.jpg,uninfected,0,thick,thick_baseline,3840,2160,RGB,JPEG,0.9521,True,d6cc2009138b7fabfd3b8f8def6cf90b,
data/thick_smears/Thick_Uninfected/Image2210.jpg,Image2210.jpg,uninfected,0,thick,thick_baseline,1640,922,RGBA,PNG,1.6958,True,5a979bf73b4ad66b39d4a598a05862ba,
data/thick_smears/Thick_Infected/Image923.jpg,Image923.jpg,infected,1,thick,thick_baseline,3840,2160,RGB,JPEG,0.7642,True,d5ed2185a1cd2afeff0dd388837f727d,
data/thick_smears/Thick_Uninfected/Image1506.jpg,Image1506.jpg,uninfected,0,thick,thick_baseline,3840,2160,RGB,JPEG,0.9029,True,27344b0226c5dd26883812ab376b2b68,
data/thick_smears/Thick_Uninfected/Image2005.jpg,Image2005.jpg,uninfected,0,thick,thick_baseline,3840,2160,RGB,JPEG,0.8924,True,9aaef51212d0e53fb54c7d04f9f5bda3,
data/thick_smears/Thick_Uninfected/Image1330.jpg,Image1330.jpg,uninfected,0,thick,thick_baseline,3840,2160,RGB,JPEG,0.4223,True,2bed87af7da76202127bd520c5f7f90b,
data/thick_smears/Thick_Uninfected/Image1712.jpg,Image1712.jpg,uninfected,0,thick,thick_baseline,3840,2160,RGB,JPEG,1.0209,True,653eed928059bcc5830fc7ee26997ea1,
data/thick_smears/Thick_Infected/Image951.jpg,Image951.jpg,infected,1,thick,thick_baseline,3840,2160,RGB,JPEG,0.6457,True,2a364e495b4f22df63453b1001267de1,
data/thick_smears/Thick_Uninfected/Image1170.jpg,Image1170.jpg,uninfected,0,thick,thick_baseline,3840,2160,RGB,JPEG,0.3435,True,94b7082725363a9697a3561e16a21a10,
data/thick_smears/Thick_Infected/Image07.jpg,Image07.jpg,infected,1,thick,thick_baseline,3840,2160,RGB,JPEG,0.7393,True,1e6565f2494a1a2b2eb409401d05bc2f,
data/thick_smears/Thick_Uninfected/Image2127.jpg,Image2127.jpg,uninfected,0,thick,thick_baseline,3840,2160,RGB,JPEG,0.9553,True,b602af8cc8fb4fa3d1a9e3aed386356b,
data/thick_smears/Thick_Infected/Image777.jpg,Image777.jpg,infected,1,thick,thick_baseline,3840,2160,RGB,JPEG,0.696,True,7d22faf3969ff7a9b8e2bf408d88565d,
data/thick_smears/Thick_Uninfected/Image2174.jpg,Image2174.jpg,uninfected,0,thick,thick_baseline,1640,922,RGBA,PNG,1.7132,True,fe81573539175beb8e3b30d4c36bf6c2,
data/thick_smears/Thick_Uninfected/Image1159.jpg,Image1159.jpg,uninfected,0,thick,thick_baseline,3840,2160,RGB,JPEG,0.3662,True,ac3d8085f7036cd3ec16b01e0cdb66b3,
data/thick_smears/Thick_Uninfected/Image1900.jpg,Image1900.jpg,uninfected,0,thick,thick_baseline,3840,2160,RGB,JPEG,1.0388,True,656c2e163723fea8604128a784d345bf,
data/thick_smears/Thick_Infected/Image737.jpg,Image737.jpg,infected,1,thick,thick_baseline,3840,2160,RGB,JPEG,0.6041,True,844ed5180c0a5e12d34953625dd01b1c,
data/thick_smears/Thick_Infected/Image451.jpg,Image451.jpg,infected,1,thick,thick_baseline,3840,2160,RGB,JPEG,0.51,True,beb9c5529e5af06a2775af15e84a9c6b,
data/thick_smears/Thick_Uninfected/Image2088.jpg,Image2088.jpg,uninfected,0,thick,thick_baseline,3840,2160,RGB,JPEG,0.989,True,ebac0039182438c6529979f5c619a6ad,
data/thick_smears/Thick_Infected/Image594.jpg,Image594.jpg,infected,1,thick,thick_baseline,3840,2160,RGB,JPEG,0.5996,True,212a1f8c40effc3365560470315242d9,
data/thick_smears/Thick_Infected/Image529.jpg,Image529.jpg,infected,1,thick,thick_baseline,3840,2160,RGB,JPEG,0.7306,True,93b8f5c6e8f17bf67e24b4362b44215d,
data/thick_smears/Thick_Infected/Image387.jpg,Image387.jpg,infected,1,thick,thick_baseline,3840,2160,RGB,JPEG,0.7794,True,66ba73241d775463d7091d3ef4cfefbc,
data/thick_smears/Thick_Infected/Image706.jpg,Image706.jpg,infected,1,thick,thick_baseline,3840,2160,RGB,JPEG,0.5587,True,56dfb855d2590f18dcde380063a94665,
data/thick_smears/Thick_Infected/Image1115.jpg,Image1115.jpg,infected,1,thick,thick_baseline,1640,922,RGBA,PNG,1.7111,True,c23023209c9c5e2794222b8e5a0a8fd0,
data/thick_smears/Thick_Uninfected/Image1489.jpg,Image1489.jpg,uninfected,0,thick,thick_baseline,3840,2160,RGB,JPEG,0.9112,True,9ade906f4ffa19f61aa2522a2dac2160,
data/thick_smears/Thick_Uninfected/Image1278.jpg,Image1278.jpg,uninfected,0,thick,thick_baseline,3840,2160,RGB,JPEG,0.3916,True,9f824bee49413ebd48bed0b9e3b15970,
data/thick_smears/Thick_Infected/Image910.jpg,Image910.jpg,infected,1,thick,thick_baseline,3840,2160,RGB,JPEG,0.6572,True,b99880fca8a8b38d55d0918fdda024a4,
data/thick_smears/Thick_Infected/Image619.jpg,Image619.jpg,infected,1,thick,thick_baseline,3840,2160,RGB,JPEG,0.6508,True,ea212654a11034ba62a09b627e0eead7,
data/thick_smears/Thick_Uninfected/Image1409.jpg,Image1409.jpg,uninfected,0,thick,thick_baseline,3840,2160,RGB,JPEG,0.978,True,44cb0a1924b3b973e1d59023828d1423,
data/thick_smears/Thick_Uninfected/Image1970.jpg,Image1970.jpg,uninfected,0,thick,thick_baseline,3840,2160,RGB,JPEG,0.9218,True,81c1e05f0a8bab52b33ed6dfd85ca405,
data/thick_smears/Thick_Infected/Image376.jpg,Image376.jpg,infected,1,thick,thick_baseline,3840,2160,RGB,JPEG,0.6249,True,2019aa6e73e729401d987910db857510,
data/thick_smears/Thick_Uninfected/Image1877.jpg,Image1877.jpg,uninfected,0,thick,thick_baseline,3840,2160,RGB,JPEG,0.7553,True,ec9fe1fbc8638a4da0a82ad9fff6fb15,
data/thick_smears/Thick_Uninfected/Image1793.jpg,Image1793.jpg,uninfected,0,thick,thick_baseline,3840,2160,RGB,JPEG,0.9621,True,1e87f206b9d8896c54bc9d1ac96252e2,
data/thick_smears/Thick_Uninfected/Image1945.jpg,Image1945.jpg,uninfected,0,thick,thick_baseline,3840,2160,RGB,JPEG,0.927,True,1ba2b4af457d1c5e38c6b845f9430702,
data/thick_smears/Thick_Infected/Image949.jpg,Image949.jpg,infected,1,thick,thick_baseline,3840,2160,RGB,JPEG,0.5866,True,10199b3cf217146e1130abfd4dca589f,
data/thick_smears/Thick_Uninfected/Image1775.jpg,Image1775.jpg,uninfected,0,thick,thick_baseline,3840,2160,RGB,JPEG,1.0243,True,8e226077dca450e0edc7b01a864a2dc7,
data/thick_smears/Thick_Infected/Image649.jpg,Image649.jpg,infected,1,thick,thick_baseline,3840,2160,RGB,JPEG,0.7101,True,758cd455e9892442ae88844567953f24,
data/thick_smears/Thick_Uninfected/Image1256.jpg,Image1256.jpg,uninfected,0,thick,thick_baseline,3840,2160,RGB,JPEG,0.5953,True,d28356b9b14031e8fa4e1b81162b3c0e,
data/thick_smears/Thick_Uninfected/Image1590.jpg,Image1590.jpg,uninfected,0,thick,thick_baseline,3840,2160,RGB,JPEG,0.8855,True,ef0aed2765e7dccccf01a4e9a40ba629,
data/thick_smears/Thick_Uninfected/Image1800.jpg,Image1800.jpg,uninfected,0,thick,thick_baseline,3840,2160,RGB,JPEG,0.9607,True,e98ba5a48f362ee84f99195bef656c96,
data/thick_smears/Thick_Uninfected/Image1803.jpg,Image1803.jpg,uninfected,0,thick,thick_baseline,3840,2160,RGB,JPEG,0.9159,True,be8c8deb2d0866a275db4730740efbb2,
data/thick_smears/Thick_Uninfected/Image1332.jpg,Image1332.jpg,uninfected,0,thick,thick_baseline,3840,2160,RGB,JPEG,0.4464,True,37f2f7af730d5e583618a89df5ccff48,
data/thick_smears/Thick_Uninfected/Image1751.jpg,Image1751.jpg,uninfected,0,thick,thick_baseline,3840,2160,RGB,JPEG,1.059,True,1aa1a7f1489eb45a16276349bff4a5d3,
data/thick_smears/Thick_Infected/Image465.jpg,Image465.jpg,infected,1,thick,thick_baseline,3840,2160,RGB,JPEG,0.5927,True,17f4852afc6e1b92bd43d33a25c2d445,
data/thick_smears/Thick_Infected/Image196.jpg,Image196.jpg,infected,1,thick,thick_baseline,3840,2160,RGB,JPEG,0.4105,True,da3e19fbe9c5829d525d0d4448581b95,
data/thick_smears/Thick_Infected/Image510.jpg,Image510.jpg,infected,1,thick,thick_baseline,3840,2160,RGB,JPEG,0.5452,True,9e756330b1f3fc305679647e837dcc75,
data/thick_smears/Thick_Infected/Image576.jpg,Image576.jpg,infected,1,thick,thick_baseline,3840,2160,RGB,JPEG,0.6118,True,d51655aef032399f7f019f15a488181b,
data/thick_smears/Thick_Infected/Image735.jpg,Image735.jpg,infected,1,thick,thick_baseline,3840,2160,RGB,JPEG,0.6107,True,493bd08208f66cb6ae3f176dc600e656,
data/thick_smears/Thick_Uninfected/Image1920.jpg,Image1920.jpg,uninfected,0,thick,thick_baseline,3840,2160,RGB,JPEG,0.84,True,38df5e9234265f8d3dbe0e82d9cca89e,
data/thick_smears/Thick_Uninfected/Image1395.jpg,Image1395.jpg,uninfected,0,thick,thick_baseline,3840,2160,RGB,JPEG,0.9582,True,8ff0bdc5cb5be2815e6973304ee0aa6c,
data/thick_smears/Thick_Uninfected/Image1593.jpg,Image1593.jpg,uninfected,0,thick,thick_baseline,3840,2160,RGB,JPEG,0.9218,True,4756e202eb3bfce9ce20a37a96e81c04,
data/thick_smears/Thick_Uninfected/Image1798.jpg,Image1798.jpg,uninfected,0,thick,thick_baseline,3840,2160,RGB,JPEG,0.9653,True,af6f3ccec4bd0499f9bcf20f0b6ee366,
data/thick_smears/Thick_Uninfected/Image1334.jpg,Image1334.jpg,uninfected,0,thick,thick_baseline,3840,2160,RGB,JPEG,0.4963,True,16442e97f40c2826bc4a99a2aedcf167,
data/thick_smears/Thick_Infected/Image253.jpg,Image253.jpg,infected,1,thick,thick_baseline,3840,2160,RGB,JPEG,0.5662,True,8aadee7de2e4ccdfb8271d14cab1dd0e,
data/thick_smears/Thick_Uninfected/Image1608.jpg,Image1608.jpg,uninfected,0,thick,thick_baseline,3840,2160,RGB,JPEG,0.9528,True,ce24f8f87f3a6b4130c5041a7f5f86a6,
data/thick_smears/Thick_Infected/Image241.jpg,Image241.jpg,infected,1,thick,thick_baseline,3840,2160,RGB,JPEG,0.7549,True,256e405f926709779f5cca8a62e619f4,
data/thick_smears/Thick_Infected/Image471.jpg,Image471.jpg,infected,1,thick,thick_baseline,3840,2160,RGB,JPEG,0.6444,True,2de076b246d03232ded10d5a29f89809,
data/thick_smears/Thick_Uninfected/Image1825.jpg,Image1825.jpg,uninfected,0,thick,thick_baseline,3840,2160,RGB,JPEG,0.9333,True,272db4951539bb05d8c0a1cace9bb0c5,
data/thick_smears/Thick_Infected/Image454.jpg,Image454.jpg,infected,1,thick,thick_baseline,3840,2160,RGB,JPEG,0.6026,True,f66acc9c19ae43980f368a0d8119c0b2,
data/thick_smears/Thick_Uninfected/Image1783.jpg,Image1783.jpg,uninfected,0,thick,thick_baseline,3840,2160,RGB,JPEG,0.8219,True,c618cffb7c4262aac198853f0c9c882c,
data/thick_smears/Thick_Uninfected/Image1230.jpg,Image1230.jpg,uninfected,0,thick,thick_baseline,3840,2160,RGB,JPEG,0.3401,True,59f438694c70567dc62f90c0d4556fb6,
data/thick_smears/Thick_Infected/Image37.jpg,Image37.jpg,infected,1,thick,thick_baseline,3840,2160,RGB,JPEG,0.6711,True,40fda074a020bb9ef1880b6bc308f9c2,
data/thick_smears/Thick_Uninfected/Image1678.jpg,Image1678.jpg,uninfected,0,thick,thick_baseline,3840,2160,RGB,JPEG,0.9144,True,117505de05ca5851d7c9df0b034a4da8,
data/thick_smears/Thick_Uninfected/Image1894.jpg,Image1894.jpg,uninfected,0,thick,thick_baseline,3840,2160,RGB,JPEG,0.936,True,0869115fa6549ad8676fa32de772d2c5,
data/thick_smears/Thick_Infected/Image389.jpg,Image389.jpg,infected,1,thick,thick_baseline,3840,2160,RGB,JPEG,0.6729,True,92922c826888186e3b0e308b3adc7055,
data/thick_smears/Thick_Infected/Image273.jpg,Image273.jpg,infected,1,thick,thick_baseline,3840,2160,RGB,JPEG,1.1484,True,38147c465a8daf7aced473bd5bd02157,
data/thick_smears/Thick_Infected/Image654.jpg,Image654.jpg,infected,1,thick,thick_baseline,3840,2160,RGB,JPEG,0.5519,True,469c6e3fb0781fd47f11c4d1322edfc3,
data/thick_smears/Thick_Infected/Image573.jpg,Image573.jpg,infected,1,thick,thick_baseline,3840,2160,RGB,JPEG,0.5974,True,e45ae5754d25a5535051e0fcb19d7963,
data/thick_smears/Thick_Uninfected/Image2142.jpg,Image2142.jpg,uninfected,0,thick,thick_baseline,3840,2160,RGB,JPEG,0.9382,True,93ae511b9802e9709c732826b08c43f9,
data/thick_smears/Thick_Uninfected/Image1736.jpg,Image1736.jpg,uninfected,0,thick,thick_baseline,3840,2160,RGB,JPEG,1.0933,True,dcb7d2b03e18c57fee948da49cdae3cf,
data/thick_smears/Thick_Uninfected/Image1941.jpg,Image1941.jpg,uninfected,0,thick,thick_baseline,3840,2160,RGB,JPEG,0.891,True,6dbdf2157e38ab95d24ba46e72cec0bf,
data/thick_smears/Thick_Infected/Image98.jpg,Image98.jpg,infected,1,thick,thick_baseline,3840,2160,RGB,JPEG,0.716,True,eac882032880cd8adb8e946dc8eeef82,
data/thick_smears/Thick_Uninfected/Image1161.jpg,Image1161.jpg,uninfected,0,thick,thick_baseline,3840,2160,RGB,JPEG,0.5689,True,63ca196a234473bbb6a142e7f9abaf2b,
data/thick_smears/Thick_Infected/Image128.jpg,Image128.jpg,infected,1,thick,thick_baseline,3840,2160,RGB,JPEG,0.3809,True,c6859616b9ea23f21c8b08ff2029c7cc,
data/thick_smears/Thick_Infected/Image132.jpg,Image132.jpg,infected,1,thick,thick_baseline,3840,2160,RGB,JPEG,0.3756,True,65735806518c4174462158cd4f7f43e2,
data/thick_smears/Thick_Uninfected/Image2037.jpg,Image2037.jpg,uninfected,0,thick,thick_baseline,3840,2160,RGB,JPEG,0.88,True,df91b3e8f741374f2db84af7235a28ff,
data/thick_smears/Thick_Uninfected/Image1175.jpg,Image1175.jpg,uninfected,0,thick,thick_baseline,3840,2160,RGB,JPEG,0.3164,True,febf8a2b092b6d14097fa17aeec25f13,
data/thick_smears/Thick_Uninfected/Image1686.jpg,Image1686.jpg,uninfected,0,thick,thick_baseline,3840,2160,RGB,JPEG,0.971,True,4b86e6e54bb0375e75ccb29a9d545c41,
data/thick_smears/Thick_Uninfected/Image1476.jpg,Image1476.jpg,uninfected,0,thick,thick_baseline,3840,2160,RGB,JPEG,0.9259,True,fca757ce5579373bec5714323916e7dd,
data/thick_smears/Thick_Infected/Image614.jpg,Image614.jpg,infected,1,thick,thick_baseline,3840,2160,RGB,JPEG,0.6691,True,03d0fa9a2fa2a28b683f40c6e3029ac8,
data/thick_smears/Thick_Infected/Image733.jpg,Image733.jpg,infected,1,thick,thick_baseline,3840,2160,RGB,JPEG,0.6533,True,49271a93d12b471bfe70b4fdeaeaff05,
data/thick_smears/Thick_Infected/Image287.jpg,Image287.jpg,infected,1,thick,thick_baseline,3840,2160,RGB,JPEG,0.6375,True,e3e69f32714870ab8f1e8a37a3126d38,
data/thick_smears/Thick_Uninfected/Image1830.jpg,Image1830.jpg,uninfected,0,thick,thick_baseline,3840,2160,RGB,JPEG,0.8945,True,e8a9c89b3095877d378ed962969e122c,
data/thick_smears/Thick_Infected/Image189.jpg,Image189.jpg,infected,1,thick,thick_baseline,3840,2160,RGB,JPEG,0.5496,True,fd243603757d28f0c7f4fe9948db2bbd,
data/thick_smears/Thick_Uninfected/Image1716.jpg,Image1716.jpg,uninfected,0,thick,thick_baseline,3840,2160,RGB,JPEG,0.8739,True,f40c09373d059dbffdace425085ae8c2,
data/thick_smears/Thick_Uninfected/Image2043.jpg,Image2043.jpg,uninfected,0,thick,thick_baseline,3840,2160,RGB,JPEG,0.8914,True,3ce357406a795a3c3070d7f3d4855d4d,
data/thick_smears/Thick_Uninfected/Image1661.jpg,Image1661.jpg,uninfected,0,thick,thick_baseline,3840,2160,RGB,JPEG,0.9643,True,1fe6c7bf913fd2b014e5e545f82ce7fc,
data/thick_smears/Thick_Uninfected/Image1735.jpg,Image1735.jpg,uninfected,0,thick,thick_baseline,3840,2160,RGB,JPEG,0.9795,True,bc9909ec7d2ba6a28e3a8bbb2d6a9c54,
data/thick_smears/Thick_Uninfected/Image2078.jpg,Image2078.jpg,uninfected,0,thick,thick_baseline,3840,2160,RGB,JPEG,0.9483,True,492019bd700bcb0077796553de6dc59f,
data/thick_smears/Thick_Infected/Image374.jpg,Image374.jpg,infected,1,thick,thick_baseline,3840,2160,RGB,JPEG,0.6721,True,40481ee5558790df9c8fd2df429cd747,
data/thick_smears/Thick_Uninfected/Image1231.jpg,Image1231.jpg,uninfected,0,thick,thick_baseline,3840,2160,RGB,JPEG,0.4017,True,32fe9084c64a9b30063baa80e81424b9,
data/thick_smears/Thick_Infected/Image356.jpg,Image356.jpg,infected,1,thick,thick_baseline,3840,2160,RGB,JPEG,0.6889,True,6b3426157cccb29cb39bd16992706649,
data/thick_smears/Thick_Uninfected/Image2067.jpg,Image2067.jpg,uninfected,0,thick,thick_baseline,3840,2160,RGB,JPEG,0.8879,True,40f0c023aecc9ebe5336e43c2080efa6,
data/thick_smears/Thick_Uninfected/Image1146.jpg,Image1146.jpg,uninfected,0,thick,thick_baseline,3840,2160,RGB,JPEG,0.4587,True,06f3847ab61831cd39550708e9f7e09a,
data/thick_smears/Thick_Uninfected/Image1402.jpg,Image1402.jpg,uninfected,0,thick,thick_baseline,3840,2160,RGB,JPEG,0.9644,True,6792e4b505fa6b34e0dd0bd4e808e0be,
data/thick_smears/Thick_Uninfected/Image1850.jpg,Image1850.jpg,uninfected,0,thick,thick_baseline,3840,2160,RGB,JPEG,0.6998,True,2cc26d228c4a44a5ca49f8c71dab1cb9,
data/thick_smears/Thick_Infected/Image1072.jpg,Image1072.jpg,infected,1,thick,thick_baseline,1640,922,RGBA,PNG,1.9062,True,e3d5992341240c9bba218786b5e28d74,
data/thick_smears/Thick_Uninfected/Image1855.jpg,Image1855.jpg,uninfected,0,thick,thick_baseline,3840,2160,RGB,JPEG,0.8804,True,8296a9d403412ba2a8b9d5d0573194e2,
data/thick_smears/Thick_Infected/Image1061.jpg,Image1061.jpg,infected,1,thick,thick_baseline,1640,922,RGBA,PNG,1.8186,True,6319963f720f202bac44ca44a4b2b012,
data/thick_smears/Thick_Uninfected/Image1610.jpg,Image1610.jpg,uninfected,0,thick,thick_baseline,3840,2160,RGB,JPEG,0.9805,True,9f216562bc7ac7852b0223cdb3ada65b,
data/thick_smears/Thick_Infected/Image370.jpg,Image370.jpg,infected,1,thick,thick_baseline,3840,2160,RGB,JPEG,0.6765,True,16c38f51ae51c56da7396c4e9eb5e1b0,
data/thick_smears/Thick_Infected/Image600.jpg,Image600.jpg,infected,1,thick,thick_baseline,3840,2160,RGB,JPEG,0.5999,True,d79abd2ee5a79828370f3f247947fbdc,
data/thick_smears/Thick_Uninfected/Image1662.jpg,Image1662.jpg,uninfected,0,thick,thick_baseline,3840,2160,RGB,JPEG,0.904,True,b888cd22c4e73141ed945f1902bfbf10,
data/thick_smears/Thick_Infected/Image318.jpg,Image318.jpg,infected,1,thick,thick_baseline,3840,2160,RGB,JPEG,0.572,True,dabf9a66faf0ba5744bb7dc6cda5803c,
data/thick_smears/Thick_Infected/Image293.jpg,Image293.jpg,infected,1,thick,thick_baseline,3840,2160,RGB,JPEG,0.6749,True,00d947af1a4c300be56249c33c232ce7,
data/thick_smears/Thick_Infected/Image525.jpg,Image525.jpg,infected,1,thick,thick_baseline,3840,2160,RGB,JPEG,0.6208,True,69f245b7bf86620811c994fc5264415e,
data/thick_smears/Thick_Uninfected/Image1527.jpg,Image1527.jpg,uninfected,0,thick,thick_baseline,3840,2160,RGB,JPEG,0.8026,True,90dac55ec26dbc301db9cce4c2648172,
data/thick_smears/Thick_Uninfected/Image1995.jpg,Image1995.jpg,uninfected,0,thick,thick_baseline,3840,2160,RGB,JPEG,0.7935,True,4de7050ceb62996b5226ef7aa5e2d052,
data/thick_smears/Thick_Infected/Image961.jpg,Image961.jpg,infected,1,thick,thick_baseline,3840,2160,RGB,JPEG,0.7227,True,82f55cd1dab053773ae21f05b588a253,
data/thick_smears/Thick_Uninfected/Image1439.jpg,Image1439.jpg,uninfected,0,thick,thick_baseline,3840,2160,RGB,JPEG,0.9575,True,049dd47ccd4e5573c25cea73af08866b,
data/thick_smears/Thick_Uninfected/Image1420.jpg,Image1420.jpg,uninfected,0,thick,thick_baseline,3840,2160,RGB,JPEG,0.9547,True,430766695129832e47f9329f69ff5607,
data/thick_smears/Thick_Infected/Image538.jpg,Image538.jpg,infected,1,thick,thick_baseline,3840,2160,RGB,JPEG,0.609,True,c7d0ecba0becb929f8dafd9d1f6efdba,
data/thick_smears/Thick_Uninfected/Image2023.jpg,Image2023.jpg,uninfected,0,thick,thick_baseline,3840,2160,RGB,JPEG,0.8597,True,03fcdcb8564c0431952a817dc29f4e9b,
data/thick_smears/Thick_Infected/Image1104.jpg,Image1104.jpg,infected,1,thick,thick_baseline,1640,922,RGBA,PNG,1.7975,True,ed392eed8d2972463662c27ef3df389f,
data/thick_smears/Thick_Infected/Image53.jpg,Image53.jpg,infected,1,thick,thick_baseline,3840,2160,RGB,JPEG,0.5349,True,32501bc67ebcc99f41672dd9fca60749,
data/thick_smears/Thick_Infected/Image1074.jpg,Image1074.jpg,infected,1,thick,thick_baseline,1640,922,RGBA,PNG,1.7419,True,d64a7e31f575538ccc47c91c1706a258,
data/thick_smears/Thick_Infected/Image503.jpg,Image503.jpg,infected,1,thick,thick_baseline,3840,2160,RGB,JPEG,0.6314,True,6dcc795db432880fda93edb53093a216,
data/thick_smears/Thick_Infected/Image380.jpg,Image380.jpg,infected,1,thick,thick_baseline,3840,2160,RGB,JPEG,0.6659,True,cab0b882efea0f7bf5f61e23c302b0b6,
data/thick_smears/Thick_Infected/Image111.jpg,Image111.jpg,infected,1,thick,thick_baseline,3840,2160,RGB,JPEG,0.5834,True,7e16a074eff9c31a90084e372f70dd27,
data/thick_smears/Thick_Uninfected/Image1513.jpg,Image1513.jpg,uninfected,0,thick,thick_baseline,3840,2160,RGB,JPEG,0.9579,True,52c9d3f9cd2ef2eff34d235dc3171c80,
data/thick_smears/Thick_Infected/Image511.jpg,Image511.jpg,infected,1,thick,thick_baseline,3840,2160,RGB,JPEG,0.6564,True,5d9f9ca6ecb4455e4edef5de3c2016f9,
data/thick_smears/Thick_Infected/Image727.jpg,Image727.jpg,infected,1,thick,thick_baseline,3840,2160,RGB,JPEG,0.6414,True,b870ffd0c9066cf44d6c944b553bd9f9,
data/thick_smears/Thick_Uninfected/Image1677.jpg,Image1677.jpg,uninfected,0,thick,thick_baseline,3840,2160,RGB,JPEG,0.9881,True,fc50cf6736d81331ea41b1dfa826c779,
data/thick_smears/Thick_Uninfected/Image1165.jpg,Image1165.jpg,uninfected,0,thick,thick_baseline,3840,2160,RGB,JPEG,0.359,True,cbb8ff30bfe043b4c9adb9188a39de7b,
data/thick_smears/Thick_Infected/Image467.jpg,Image467.jpg,infected,1,thick,thick_baseline,3840,2160,RGB,JPEG,0.707,True,2ca1df631c057b91cfb2a6ddc251789c,
data/thick_smears/Thick_Uninfected/Image1339.jpg,Image1339.jpg,uninfected,0,thick,thick_baseline,3840,2160,RGB,JPEG,0.998,True,6b1954a7c0953987316de88146cb3798,
data/thick_smears/Thick_Uninfected/Image2094.jpg,Image2094.jpg,uninfected,0,thick,thick_baseline,3840,2160,RGB,JPEG,0.8943,True,9f6b50bf5deb5e899b603b8b0c784e9b,
data/thick_smears/Thick_Infected/Image578.jpg,Image578.jpg,infected,1,thick,thick_baseline,3840,2160,RGB,JPEG,0.6081,True,287ef8bf73a68d26dd5a92245a40adf0,
data/thick_smears/Thick_Infected/Image357.jpg,Image357.jpg,infected,1,thick,thick_baseline,3840,2160,RGB,JPEG,0.6962,True,b2bbe0090aeb87edfb3a678e12176bfd,
data/thick_smears/Thick_Uninfected/Image2205.jpg,Image2205.jpg,uninfected,0,thick,thick_baseline,1640,922,RGBA,PNG,1.6736,True,be7a4d69584056aca175cac67ef5d8d5,
data/thick_smears/Thick_Uninfected/Image1554.jpg,Image1554.jpg,uninfected,0,thick,thick_baseline,3840,2160,RGB,JPEG,1.0627,True,4784ca4e506de3d2f15c0af1c0624817,
data/thick_smears/Thick_Uninfected/Image1972.jpg,Image1972.jpg,uninfected,0,thick,thick_baseline,3840,2160,RGB,JPEG,0.9058,True,c2e54c4bf81aa1537224734b73b96b35,
data/thick_smears/Thick_Uninfected/Image61246.jpg,Image61246.jpg,uninfected,0,thick,thick_baseline,3840,2160,RGB,JPEG,0.9343,True,e68ca572179fac3eda8173cedf2c8091,
data/thick_smears/Thick_Infected/Image36.jpg,Image36.jpg,infected,1,thick,thick_baseline,3840,2160,RGB,JPEG,0.6121,True,c9968045f32bb9e6ac41183457a2f21a,
data/thick_smears/Thick_Infected/Image1017.jpg,Image1017.jpg,infected,1,thick,thick_baseline,3840,2160,RGB,JPEG,0.695,True,6e68120f682858fd032434deb8901ed7,
data/thick_smears/Thick_Uninfected/Image1423.jpg,Image1423.jpg,uninfected,0,thick,thick_baseline,3840,2160,RGB,JPEG,0.9131,True,4cd98f96629f9f7b5b3cb4f6b59e7176,
data/thick_smears/Thick_Infected/Image122.jpg,Image122.jpg,infected,1,thick,thick_baseline,3840,2160,RGB,JPEG,0.3538,True,8015b7b858ecebbc1fa4e3b3070f651e,
data/thick_smears/Thick_Uninfected/Image1277.jpg,Image1277.jpg,uninfected,0,thick,thick_baseline,3840,2160,RGB,JPEG,0.4276,True,0b64d3b5f809497046956a5cadacd1ea,
data/thick_smears/Thick_Infected/Image859.jpg,Image859.jpg,infected,1,thick,thick_baseline,3840,2160,RGB,JPEG,0.8591,True,a2f313b33efe7f0c44021c174d52d97f,
data/thick_smears/Thick_Infected/Image1119.jpg,Image1119.jpg,infected,1,thick,thick_baseline,1640,922,RGBA,PNG,1.6311,True,db369cd6f134d9d1b8043554e17c161c,
data/thick_smears/Thick_Uninfected/Image2042.jpg,Image2042.jpg,uninfected,0,thick,thick_baseline,3840,2160,RGB,JPEG,0.8528,True,8ab1161c55f625db986ee8ca8647be45,
data/thick_smears/Thick_Uninfected/Image1744.jpg,Image1744.jpg,uninfected,0,thick,thick_baseline,3840,2160,RGB,JPEG,0.9944,True,ebed0037e0027f454025f91f1ff5f00f,
data/thick_smears/Thick_Infected/Image181.jpg,Image181.jpg,infected,1,thick,thick_baseline,3840,2160,RGB,JPEG,0.5841,True,61732dec8abbb039171757d35e924cbb,
data/thick_smears/Thick_Infected/Image1088.jpg,Image1088.jpg,infected,1,thick,thick_baseline,1640,922,RGBA,PNG,1.598,True,dc8cd84b49a8057e6b82da73dc93557f,
data/thick_smears/Thick_Infected/Image487.jpg,Image487.jpg,infected,1,thick,thick_baseline,3840,2160,RGB,JPEG,0.6425,True,f13fc7cdc320f8bfb04c446c44637e27,
data/thick_smears/Thick_Infected/Image432.jpg,Image432.jpg,infected,1,thick,thick_baseline,3840,2160,RGB,JPEG,0.5842,True,54efa8f0d567cc9ea4488b3f3df03123,
data/thick_smears/Thick_Uninfected/Image1943.jpg,Image1943.jpg,uninfected,0,thick,thick_baseline,3840,2160,RGB,JPEG,0.9899,True,49dda01e215028280455995542b14f6a,
data/thick_smears/Thick_Infected/Image73.jpg,Image73.jpg,infected,1,thick,thick_baseline,3840,2160,RGB,JPEG,0.4599,True,8e0d4357212c9f01cac8dbbe4c8b9d61,
data/thick_smears/Thick_Infected/Image459.jpg,Image459.jpg,infected,1,thick,thick_baseline,3840,2160,RGB,JPEG,0.5644,True,9076a883377e3a7a2a0d0396968b91b6,
data/thick_smears/Thick_Uninfected/Image1755.jpg,Image1755.jpg,uninfected,0,thick,thick_baseline,3840,2160,RGB,JPEG,0.8688,True,9ea5ed64e2ae81d038ccb0c65448a916,
data/thick_smears/Thick_Infected/Image1037.jpg,Image1037.jpg,infected,1,thick,thick_baseline,3840,2160,RGB,JPEG,0.6907,True,5d4012f56c4ec44f8e74e74cd543fe49,
data/thick_smears/Thick_Uninfected/Image1149.jpg,Image1149.jpg,uninfected,0,thick,thick_baseline,3840,2160,RGB,JPEG,0.2696,True,dce25b7168ebd208770a0438841c88d0,
data/thick_smears/Thick_Uninfected/Image1659.jpg,Image1659.jpg,uninfected,0,thick,thick_baseline,3840,2160,RGB,JPEG,0.9792,True,3cfcc157fb89178d1801671a5968b052,
data/thick_smears/Thick_Infected/Image620.jpg,Image620.jpg,infected,1,thick,thick_baseline,3840,2160,RGB,JPEG,0.6718,True,42eeb59c5a1ffba2c6286c81d1c4c121,
data/thick_smears/Thick_Infected/Image1013.jpg,Image1013.jpg,infected,1,thick,thick_baseline,3840,2160,RGB,JPEG,0.5561,True,00b8de8181438b7c356bff21852a9308,
data/thick_smears/Thick_Uninfected/Image1205.jpg,Image1205.jpg,uninfected,0,thick,thick_baseline,3840,2160,RGB,JPEG,0.3887,True,b4b57aa0b114b5a870e384499a8d823c,
data/thick_smears/Thick_Infected/Image894.jpg,Image894.jpg,infected,1,thick,thick_baseline,3840,2160,RGB,JPEG,0.6026,True,fbe6850aa6829399ef52c7ce5468820c,
data/thick_smears/Thick_Uninfected/Image1354.jpg,Image1354.jpg,uninfected,0,thick,thick_baseline,3840,2160,RGB,JPEG,1.0073,True,4bcc3180dc3e59b91691b2a0fca03b1c,
data/thick_smears/Thick_Uninfected/Image1946.jpg,Image1946.jpg,uninfected,0,thick,thick_baseline,3840,2160,RGB,JPEG,1.008,True,df8b970234b7ef47152f32e426fc780e,
data/thick_smears/Thick_Uninfected/Image1841.jpg,Image1841.jpg,uninfected,0,thick,thick_baseline,3840,2160,RGB,JPEG,0.8169,True,30587c915f41891a6ded126411e31b2f,
data/thick_smears/Thick_Uninfected/Image2207.jpg,Image2207.jpg,uninfected,0,thick,thick_baseline,1640,922,RGBA,PNG,1.6659,True,b0d3fdbf95a97dab56d8e1589d23a406,
data/thick_smears/Thick_Infected/Image10.jpg,Image10.jpg,infected,1,thick,thick_baseline,3840,2160,RGB,JPEG,0.513,True,a6d0dd0708a1863a652339300d7f73f0,
data/thick_smears/Thick_Infected/Image158.jpg,Image158.jpg,infected,1,thick,thick_baseline,3840,2160,RGB,JPEG,0.4757,True,4acdbbe0577dc7b540532988f570fc0b,
data/thick_smears/Thick_Uninfected/Image1421.jpg,Image1421.jpg,uninfected,0,thick,thick_baseline,3840,2160,RGB,JPEG,0.9418,True,0ea8a7acf36f60363b16c4f764863c85,
data/thick_smears/Thick_Infected/Image537.jpg,Image537.jpg,infected,1,thick,thick_baseline,3840,2160,RGB,JPEG,0.6895,True,75babf444baffaa69ca4544fb401804a,
data/thick_smears/Thick_Uninfected/Image1398.jpg,Image1398.jpg,uninfected,0,thick,thick_baseline,3840,2160,RGB,JPEG,0.9654,True,c89ac6c181b290ff4da0d0e7c93c29b1,
data/thick_smears/Thick_Uninfected/Image1207.jpg,Image1207.jpg,uninfected,0,thick,thick_baseline,3840,2160,RGB,JPEG,0.4004,True,8d595517f60de10c44db773c21453207,
data/thick_smears/Thick_Infected/Image439.jpg,Image439.jpg,infected,1,thick,thick_baseline,3840,2160,RGB,JPEG,0.7088,True,dbd57cac7f91c2cc300d6fb14ccab63d,
data/thick_smears/Thick_Uninfected/Image1532.jpg,Image1532.jpg,uninfected,0,thick,thick_baseline,3840,2160,RGB,JPEG,0.6939,True,ee121e176616ab9fc1a67f658e840fa7,
data/thick_smears/Thick_Uninfected/Image1962.jpg,Image1962.jpg,uninfected,0,thick,thick_baseline,3840,2160,RGB,JPEG,0.88,True,abdb66489c301e45f7c6612f1841ee0e,
data/thick_smears/Thick_Infected/Image118.jpg,Image118.jpg,infected,1,thick,thick_baseline,3840,2160,RGB,JPEG,0.2904,True,e81b17c1f39aed15e328abc9827f76a3,
data/thick_smears/Thick_Infected/Image90.jpg,Image90.jpg,infected,1,thick,thick_baseline,3840,2160,RGB,JPEG,0.3909,True,27fec3b06820eaccb78305c319e411a0,
data/thick_smears/Thick_Uninfected/Image1986.jpg,Image1986.jpg,uninfected,0,thick,thick_baseline,3840,2160,RGB,JPEG,0.8737,True,1955720776ce8e5723067598c63ade47,
data/thick_smears/Thick_Infected/Image668.jpg,Image668.jpg,infected,1,thick,thick_baseline,3840,2160,RGB,JPEG,0.6979,True,ec947ce65e1846c541643194548ecadb,
data/thick_smears/Thick_Infected/Image849.jpg,Image849.jpg,infected,1,thick,thick_baseline,3840,2160,RGB,JPEG,0.7185,True,da92c96bac480d01c3a252e069dbcefc,
data/thick_smears/Thick_Infected/Image22.jpg,Image22.jpg,infected,1,thick,thick_baseline,3840,2160,RGB,JPEG,0.5947,True,45080ee72444058c4e9f87bf59455e79,
data/thick_smears/Thick_Infected/Image205.jpg,Image205.jpg,infected,1,thick,thick_baseline,3840,2160,RGB,JPEG,0.5911,True,1424b1d4585f3e1d4f21f72a295a7f55,
data/thick_smears/Thick_Infected/Image580.jpg,Image580.jpg,infected,1,thick,thick_baseline,3840,2160,RGB,JPEG,0.5983,True,ee7db1adff54fa9bc6a0c78ab4b39341,
data/thick_smears/Thick_Uninfected/Image2039.jpg,Image2039.jpg,uninfected,0,thick,thick_baseline,3840,2160,RGB,JPEG,0.9392,True,729690feea6ba337c3d6c9dbf99944b4,
data/thick_smears/Thick_Infected/Image565.jpg,Image565.jpg,infected,1,thick,thick_baseline,3840,2160,RGB,JPEG,0.599,True,1e2c8ad09a5b22b4bb4e9440b793553e,
data/thick_smears/Thick_Infected/Image302.jpg,Image302.jpg,infected,1,thick,thick_baseline,3840,2160,RGB,JPEG,0.5746,True,7d3af790bcb4ee6017a149a9ee61b5ae,
data/thick_smears/Thick_Infected/Image213.jpg,Image213.jpg,infected,1,thick,thick_baseline,3840,2160,RGB,JPEG,0.5209,True,5ec2b5104363bcccd31bbe99ee9934d1,
data/thick_smears/Thick_Uninfected/Image2010.jpg,Image2010.jpg,uninfected,0,thick,thick_baseline,3840,2160,RGB,JPEG,0.9298,True,f3ffe31db304dbd92936f32a04b3bef2,
data/thick_smears/Thick_Infected/Image536.jpg,Image536.jpg,infected,1,thick,thick_baseline,3840,2160,RGB,JPEG,0.6626,True,592324930760f7cfffcc395d25657307,
data/thick_smears/Thick_Uninfected/Image2153.jpg,Image2153.jpg,uninfected,0,thick,thick_baseline,1640,922,RGBA,PNG,1.6961,True,733c1d0f87216f4c63a2ab05a3c3f870,
data/thick_smears/Thick_Uninfected/Image1724.jpg,Image1724.jpg,uninfected,0,thick,thick_baseline,3840,2160,RGB,JPEG,0.8068,True,0fc37d9b437fb94cde78478974212325,
data/thick_smears/Thick_Infected/Image732.jpg,Image732.jpg,infected,1,thick,thick_baseline,3840,2160,RGB,JPEG,0.6019,True,343ad28238943797d88214d3f770ef83,
data/thick_smears/Thick_Uninfected/Image1896.jpg,Image1896.jpg,uninfected,0,thick,thick_baseline,3840,2160,RGB,JPEG,0.9197,True,cb82e4857c88fcdc17a510c3d4cda861,
data/thick_smears/Thick_Uninfected/Image1623.jpg,Image1623.jpg,uninfected,0,thick,thick_baseline,3840,2160,RGB,JPEG,0.8772,True,b1ecb944a307042ad87d2669207abe5a,
data/thick_smears/Thick_Uninfected/Image2130.jpg,Image2130.jpg,uninfected,0,thick,thick_baseline,3840,2160,RGB,JPEG,0.9015,True,f4f92c7ec31eee6abbd7b8e2ef80d22c,
data/thick_smears/Thick_Uninfected/Image1501.jpg,Image1501.jpg,uninfected,0,thick,thick_baseline,3840,2160,RGB,JPEG,0.9242,True,55f1eae97f207cee914b1afef01b4efe,
data/thick_smears/Thick_Infected/Image113.jpg,Image113.jpg,infected,1,thick,thick_baseline,3840,2160,RGB,JPEG,0.5054,True,613c597d4e863223f1da8ad02d265a15,
data/thick_smears/Thick_Uninfected/Image1886.jpg,Image1886.jpg,uninfected,0,thick,thick_baseline,3840,2160,RGB,JPEG,0.9605,True,767269827c8ceb785d2988ab4cf5bd60,
data/thick_smears/Thick_Uninfected/Image2120.jpg,Image2120.jpg,uninfected,0,thick,thick_baseline,3840,2160,RGB,JPEG,0.9467,True,86e43e9b5380be09ed134c3f0f11fe29,
data/thick_smears/Thick_Uninfected/Image1796.jpg,Image1796.jpg,uninfected,0,thick,thick_baseline,3840,2160,RGB,JPEG,0.9462,True,0f711ad1c5c503d4dd7d50478ef2789d,
data/thick_smears/Thick_Uninfected/Image1600.jpg,Image1600.jpg,uninfected,0,thick,thick_baseline,3840,2160,RGB,JPEG,0.9569,True,cba5235b727cbb6ea0f450724941aa10,
data/thick_smears/Thick_Infected/Image297.jpg,Image297.jpg,infected,1,thick,thick_baseline,3840,2160,RGB,JPEG,0.7123,True,146dff280550a1c401919a15134df57c,
data/thick_smears/Thick_Infected/Image917.jpg,Image917.jpg,infected,1,thick,thick_baseline,3840,2160,RGB,JPEG,0.7405,True,196636ef42e11eb24708ffb98a2b84c6,
data/thick_smears/Thick_Infected/Image452.jpg,Image452.jpg,infected,1,thick,thick_baseline,3840,2160,RGB,JPEG,0.7823,True,3547bafd32764e715783d771abf4f947,
data/thick_smears/Thick_Infected/Image680.jpg,Image680.jpg,infected,1,thick,thick_baseline,3840,2160,RGB,JPEG,0.6473,True,23cb02fb3a5124f7d78d9fc43ea54752,
data/thick_smears/Thick_Uninfected/Image1262.jpg,Image1262.jpg,uninfected,0,thick,thick_baseline,3840,2160,RGB,JPEG,0.4735,True,d0bb30ecf22be173058f789d8e322125,
data/thick_smears/Thick_Uninfected/Image1283.jpg,Image1283.jpg,uninfected,0,thick,thick_baseline,3840,2160,RGB,JPEG,0.4646,True,e06ff178654f93dd7ce609f62c1dadb6,
data/thick_smears/Thick_Infected/Image792.jpg,Image792.jpg,infected,1,thick,thick_baseline,3840,2160,RGB,JPEG,0.6976,True,fdac2167c66f8adf46cae89be578f2af,
data/thick_smears/Thick_Uninfected/Image2193.jpg,Image2193.jpg,uninfected,0,thick,thick_baseline,1640,922,RGBA,PNG,1.729,True,551df61d6a8430b78277f3ae11eb0576,
data/thick_smears/Thick_Infected/Image1070.jpg,Image1070.jpg,infected,1,thick,thick_baseline,1640,922,RGBA,PNG,1.7835,True,1ee72b3beded1adad7b283491ceb8db7,
data/thick_smears/Thick_Infected/Image816.jpg,Image816.jpg,infected,1,thick,thick_baseline,3840,2160,RGB,JPEG,0.7847,True,dc3d0ec34b8d30f721ff5a7a1edbb6b7,
data/thick_smears/Thick_Infected/Image581.jpg,Image581.jpg,infected,1,thick,thick_baseline,3840,2160,RGB,JPEG,0.6311,True,4b9ec888c4edc33e4bb439e32f2d87f4,
data/thick_smears/Thick_Uninfected/Image1195.jpg,Image1195.jpg,uninfected,0,thick,thick_baseline,3840,2160,RGB,JPEG,0.4622,True,cd4e6114bd6d751d124944265ba1cbd7,
data/thick_smears/Thick_Uninfected/Image1766.jpg,Image1766.jpg,uninfected,0,thick,thick_baseline,3840,2160,RGB,JPEG,0.8667,True,ee5c6bbc1feac326caf3f91da82bd8db,
data/thick_smears/Thick_Infected/Image820.jpg,Image820.jpg,infected,1,thick,thick_baseline,3840,2160,RGB,JPEG,0.7577,True,08a4658f683e4803a2cdbaaa0eae5fd7,
data/thick_smears/Thick_Uninfected/Image1495.jpg,Image1495.jpg,uninfected,0,thick,thick_baseline,3840,2160,RGB,JPEG,0.8574,True,24eef655702e5db179f2a4bb31e84054,
data/thick_smears/Thick_Infected/Image438.jpg,Image438.jpg,infected,1,thick,thick_baseline,3840,2160,RGB,JPEG,0.5905,True,f61e445200c70a2557a67a5909b6522d,
data/thick_smears/Thick_Infected/Image953.jpg,Image953.jpg,infected,1,thick,thick_baseline,3840,2160,RGB,JPEG,0.6757,True,3fe19db779a7da07e535f925fe8e7859,
data/thick_smears/Thick_Uninfected/Image2129.jpg,Image2129.jpg,uninfected,0,thick,thick_baseline,3840,2160,RGB,JPEG,0.896,True,9a03f1adb1025d58aafcccaddd63f1ff,
data/thick_smears/Thick_Uninfected/Image2100.jpg,Image2100.jpg,uninfected,0,thick,thick_baseline,3840,2160,RGB,JPEG,0.8713,True,ca1bd0bdb28216243da76c88bc16e2f1,
data/thick_smears/Thick_Infected/Image634.jpg,Image634.jpg,infected,1,thick,thick_baseline,3840,2160,RGB,JPEG,0.6339,True,d6fd0d34d092e6594cae9610a48736eb,
data/thick_smears/Thick_Infected/Image1040.jpg,Image1040.jpg,infected,1,thick,thick_baseline,3840,2160,RGB,JPEG,0.5836,True,2858ecb514aaf17c30cc8a278fdcc83e,
data/thick_smears/Thick_Uninfected/Image2143.jpg,Image2143.jpg,uninfected,0,thick,thick_baseline,3840,2160,RGB,JPEG,0.9493,True,81c195ab4b255c814b7418398700d238,
data/thick_smears/Thick_Uninfected/Image1512.jpg,Image1512.jpg,uninfected,0,thick,thick_baseline,3840,2160,RGB,JPEG,0.9446,True,8813d3f655ff189dfd6fb2c7f87d59ec,
data/thick_smears/Thick_Uninfected/Image1917.jpg,Image1917.jpg,uninfected,0,thick,thick_baseline,3840,2160,RGB,JPEG,0.8497,True,332d64e9a1983cfffd57caa686e87454,
data/thick_smears/Thick_Uninfected/Image2049.jpg,Image2049.jpg,uninfected,0,thick,thick_baseline,3840,2160,RGB,JPEG,0.9316,True,dafb62fadad7e2a7b22a632e42212139,
data/thick_smears/Thick_Infected/Image235.jpg,Image235.jpg,infected,1,thick,thick_baseline,3840,2160,RGB,JPEG,0.5797,True,9fe194fc07e254ed119a2b5bbc965512,
data/thick_smears/Thick_Uninfected/Image2034.jpg,Image2034.jpg,uninfected,0,thick,thick_baseline,3840,2160,RGB,JPEG,0.9561,True,ff20561a1b8429b3115ea8afe5a1e8f1,
data/thick_smears/Thick_Infected/Image1096.jpg,Image1096.jpg,infected,1,thick,thick_baseline,1640,922,RGBA,PNG,1.6972,True,1756839c957eeaab217c4ecd7c362426,
data/thick_smears/Thick_Infected/Image491.jpg,Image491.jpg,infected,1,thick,thick_baseline,3840,2160,RGB,JPEG,0.661,True,88081e577fc2266f83cb1ba6ba27e597,
data/thick_smears/Thick_Infected/Image1098.jpg,Image1098.jpg,infected,1,thick,thick_baseline,1640,922,RGBA,PNG,1.6777,True,52a2c2c5cadfb626dc85a430591bbfbc,
data/thick_smears/Thick_Uninfected/Image1794.jpg,Image1794.jpg,uninfected,0,thick,thick_baseline,3840,2160,RGB,JPEG,0.907,True,f9d9f0d89ba712cc77332b23553e2c22,
data/thick_smears/Thick_Infected/Image805.jpg,Image805.jpg,infected,1,thick,thick_baseline,3840,2160,RGB,JPEG,0.7925,True,0499dc1538b67b9e2af14ab356919820,
data/thick_smears/Thick_Infected/Image1116.jpg,Image1116.jpg,infected,1,thick,thick_baseline,1640,922,RGBA,PNG,1.6916,True,6db20d59056527ab7057e616df07e967,
data/thick_smears/Thick_Uninfected/Image2002.jpg,Image2002.jpg,uninfected,0,thick,thick_baseline,3840,2160,RGB,JPEG,0.8901,True,f4d72b36075d3c2cc5c86dba6798faa9,
data/thick_smears/Thick_Infected/Image558.jpg,Image558.jpg,infected,1,thick,thick_baseline,3840,2160,RGB,JPEG,0.6644,True,85d6723f07e09739261e5422bd831760,
data/thick_smears/Thick_Uninfected/Image1758.jpg,Image1758.jpg,uninfected,0,thick,thick_baseline,3840,2160,RGB,JPEG,0.8781,True,79ab6cf8a37094d366b6cdd4888cb0f4,
data/thick_smears/Thick_Uninfected/Image2179.jpg,Image2179.jpg,uninfected,0,thick,thick_baseline,1640,922,RGBA,PNG,1.7259,True,f05948903c7b52a3963cd8c4fc8bc9cc,
data/thick_smears/Thick_Infected/Image1051.jpg,Image1051.jpg,infected,1,thick,thick_baseline,3840,2160,RGB,JPEG,0.6425,True,999c026efc4bcf70f5decba1b0fbaed5,
data/thick_smears/Thick_Uninfected/Image1818.jpg,Image1818.jpg,uninfected,0,thick,thick_baseline,3840,2160,RGB,JPEG,0.9102,True,9aa4b615abca0fb426789873315ac04c,
data/thick_smears/Thick_Uninfected/Image2145.jpg,Image2145.jpg,uninfected,0,thick,thick_baseline,1640,922,RGBA,PNG,1.6653,True,fa59c20d1b6a6d6c0324a34d175ddcdf,
data/thick_smears/Thick_Infected/Image125.jpg,Image125.jpg,infected,1,thick,thick_baseline,3840,2160,RGB,JPEG,0.5372,True,cfd46f5eb4f567fd3cb62641d5e3eff9,
data/thick_smears/Thick_Uninfected/Image1463.jpg,Image1463.jpg,uninfected,0,thick,thick_baseline,3840,2160,RGB,JPEG,1.0311,True,8666bbb0e352ad1ae50abbda4999a13c,
data/thick_smears/Thick_Infected/Image15.jpg,Image15.jpg,infected,1,thick,thick_baseline,3840,2160,RGB,JPEG,0.631,True,4b4b753b4be529e500f943cd3ee2199a,
data/thick_smears/Thick_Uninfected/Image1966.jpg,Image1966.jpg,uninfected,0,thick,thick_baseline,3840,2160,RGB,JPEG,0.9095,True,9dfe2b1424791f75eefff996694029ff,
data/thick_smears/Thick_Uninfected/Image2195.jpg,Image2195.jpg,uninfected,0,thick,thick_baseline,1640,922,RGBA,PNG,1.7357,True,dd3cbb8369729e4db073e4b47e7874ca,
data/thick_smears/Thick_Infected/Image838.jpg,Image838.jpg,infected,1,thick,thick_baseline,3840,2160,RGB,JPEG,0.7705,True,cc07f46e4a864b43ff7b53d3861ff2a6,
data/thick_smears/Thick_Infected/Image679.jpg,Image679.jpg,infected,1,thick,thick_baseline,3840,2160,RGB,JPEG,0.5742,True,fe38e798e18fe6693b2c82ecada22fd8,
data/thick_smears/Thick_Uninfected/Image1502.jpg,Image1502.jpg,uninfected,0,thick,thick_baseline,3840,2160,RGB,JPEG,0.9352,True,f354e1e5f363bb91aa6af681b972d7fa,
data/thick_smears/Thick_Infected/Image783.jpg,Image783.jpg,infected,1,thick,thick_baseline,3840,2160,RGB,JPEG,0.7042,True,e348a4e623ad53f1cfd904da5fe3712d,
data/thick_smears/Thick_Infected/Image40.jpg,Image40.jpg,infected,1,thick,thick_baseline,3840,2160,RGB,JPEG,0.6355,True,72ecea79d58b14178ef1d56fd222b07e,
data/thick_smears/Thick_Infected/Image873.jpg,Image873.jpg,infected,1,thick,thick_baseline,3840,2160,RGB,JPEG,0.8382,True,5ebb9a6a61f2842ee07e1bc5d3ae6867,
data/thick_smears/Thick_Uninfected/Image1203.jpg,Image1203.jpg,uninfected,0,thick,thick_baseline,3840,2160,RGB,JPEG,0.3686,True,d107b86597123808218650c81151bcb5,
data/thick_smears/Thick_Infected/Image1086.jpg,Image1086.jpg,infected,1,thick,thick_baseline,1640,922,RGBA,PNG,1.6539,True,afee615d8f49017cce508f503626d027,
data/thick_smears/Thick_Uninfected/Image1689.jpg,Image1689.jpg,uninfected,0,thick,thick_baseline,3840,2160,RGB,JPEG,0.9393,True,0a7722e6005b1038266c05e930755fd7,
data/thick_smears/Thick_Infected/Image259.jpg,Image259.jpg,infected,1,thick,thick_baseline,3840,2160,RGB,JPEG,0.5728,True,b916a46d0023da128161978b237e41ae,
data/thick_smears/Thick_Uninfected/Image1872.jpg,Image1872.jpg,uninfected,0,thick,thick_baseline,3840,2160,RGB,JPEG,0.9126,True,a72667fbad626637dbd47ee0e09780f1,
data/thick_smears/Thick_Uninfected/Image1843.jpg,Image1843.jpg,uninfected,0,thick,thick_baseline,3840,2160,RGB,JPEG,0.9414,True,33630605935789e227da74989ca91fcc,
data/thick_smears/Thick_Uninfected/Image1802.jpg,Image1802.jpg,uninfected,0,thick,thick_baseline,3840,2160,RGB,JPEG,0.9001,True,4067fc490309302dda8b6eed370db70a,
data/thick_smears/Thick_Uninfected/Image1752.jpg,Image1752.jpg,uninfected,0,thick,thick_baseline,3840,2160,RGB,JPEG,1.0713,True,5845d476cc9f654e6a29486658931102,
data/thick_smears/Thick_Uninfected/Image1671.jpg,Image1671.jpg,uninfected,0,thick,thick_baseline,3840,2160,RGB,JPEG,0.9532,True,90bc18bd1f4acc16008eeef024b808f2,
data/thick_smears/Thick_Uninfected/Image2079.jpg,Image2079.jpg,uninfected,0,thick,thick_baseline,3840,2160,RGB,JPEG,0.8733,True,4f55bcaebbe3497ff8feac30ace48e47,
data/thick_smears/Thick_Infected/Image766.jpg,Image766.jpg,infected,1,thick,thick_baseline,3840,2160,RGB,JPEG,0.7429,True,4a42fa592b2d570cc71abb4032358546,
data/thick_smears/Thick_Infected/Image522.jpg,Image522.jpg,infected,1,thick,thick_baseline,3840,2160,RGB,JPEG,0.5951,True,9341802e7533a3376aab1d79236329c4,
data/thick_smears/Thick_Uninfected/Image1771.jpg,Image1771.jpg,uninfected,0,thick,thick_baseline,3840,2160,RGB,JPEG,0.9525,True,f291b226323e902ffd0f311dfc0d8441,
data/thick_smears/Thick_Infected/Image391.jpg,Image391.jpg,infected,1,thick,thick_baseline,3840,2160,RGB,JPEG,0.7635,True,d817d568fe386dbc85e50ba691754c98,
data/thick_smears/Thick_Infected/Image458.jpg,Image458.jpg,infected,1,thick,thick_baseline,3840,2160,RGB,JPEG,0.5996,True,a3d978f3a1747e22faf0de88d2a6d6ea,
data/thick_smears/Thick_Infected/Image100.jpg,Image100.jpg,infected,1,thick,thick_baseline,3840,2160,RGB,JPEG,0.6493,True,b12c517be61ce3ec9369d28266d8cc0c,
data/thick_smears/Thick_Uninfected/Image1544.jpg,Image1544.jpg,uninfected,0,thick,thick_baseline,3840,2160,RGB,JPEG,0.7956,True,5d3cdfa8268b7dd45e5da347162e54d8,
data/thick_smears/Thick_Uninfected/Image1675.jpg,Image1675.jpg,uninfected,0,thick,thick_baseline,3840,2160,RGB,JPEG,0.9161,True,360b9837951762a6ad012471934afc4b,
data/thick_smears/Thick_Infected/Image284.jpg,Image284.jpg,infected,1,thick,thick_baseline,3840,2160,RGB,JPEG,0.6081,True,44b4d52fcc362463797bdd422f04819d,
data/thick_smears/Thick_Uninfected/Image2189.jpg,Image2189.jpg,uninfected,0,thick,thick_baseline,1640,922,RGBA,PNG,1.7017,True,9c19b3fd58f23651ae87131957ca3c39,
data/thick_smears/Thick_Uninfected/Image1494.jpg,Image1494.jpg,uninfected,0,thick,thick_baseline,3840,2160,RGB,JPEG,0.9975,True,c1fca9ffb1edba523076279a40deaaf5,
data/thick_smears/Thick_Infected/Image707.jpg,Image707.jpg,infected,1,thick,thick_baseline,3840,2160,RGB,JPEG,0.5812,True,5a6642f537ba58d775a7ebfb3c8d004c,
data/thick_smears/Thick_Infected/Image498.jpg,Image498.jpg,infected,1,thick,thick_baseline,3840,2160,RGB,JPEG,0.6349,True,aac853ecb284651228cb22ae7411d013,
data/thick_smears/Thick_Infected/Image137.jpg,Image137.jpg,infected,1,thick,thick_baseline,3840,2160,RGB,JPEG,0.4761,True,550560da3d55d3468ac7ee5d91679a5d,
data/thick_smears/Thick_Infected/Image80.jpg,Image80.jpg,infected,1,thick,thick_baseline,3840,2160,RGB,JPEG,0.4989,True,f6f8b9161d916c05de8240b67f12e6da,
data/thick_smears/Thick_Infected/Image373.jpg,Image373.jpg,infected,1,thick,thick_baseline,3840,2160,RGB,JPEG,0.6415,True,c4a0d8eaa66abf840ee4bf077f667086,
data/thick_smears/Thick_Infected/Image127.jpg,Image127.jpg,infected,1,thick,thick_baseline,3840,2160,RGB,JPEG,0.517,True,76161e6574463585d09a2ef6f07d27f6,
data/thick_smears/Thick_Infected/Image734.jpg,Image734.jpg,infected,1,thick,thick_baseline,3840,2160,RGB,JPEG,0.6248,True,9ab344e4a44448812b401e3874bb47ad,
data/thick_smears/Thick_Infected/Image566.jpg,Image566.jpg,infected,1,thick,thick_baseline,3840,2160,RGB,JPEG,0.6107,True,6d979a964d0972e8a262e31b3aec4cb8,
data/thick_smears/Thick_Uninfected/Image1310.jpg,Image1310.jpg,uninfected,0,thick,thick_baseline,3840,2160,RGB,JPEG,0.4399,True,dfe6cdae3179cf6c4d08e3e0589aa51f,
data/thick_smears/Thick_Uninfected/Image1574.jpg,Image1574.jpg,uninfected,0,thick,thick_baseline,3840,2160,RGB,JPEG,0.7872,True,b05fd3bc3e6d7b7e263587ec14b05950,
data/thick_smears/Thick_Uninfected/Image1255.jpg,Image1255.jpg,uninfected,0,thick,thick_baseline,3840,2160,RGB,JPEG,0.4761,True,c188867528bf4f8622f4f83c2ed15914,
data/thick_smears/Thick_Uninfected/Image1329.jpg,Image1329.jpg,uninfected,0,thick,thick_baseline,3840,2160,RGB,JPEG,0.4253,True,623b22fba4df0a01f6f8724a2da47359,
data/thick_smears/Thick_Infected/Image595.jpg,Image595.jpg,infected,1,thick,thick_baseline,3840,2160,RGB,JPEG,0.5484,True,dcba20cb7b0db483c5dd6c641b28a970,
data/thick_smears/Thick_Infected/Image419.jpg,Image419.jpg,infected,1,thick,thick_baseline,3840,2160,RGB,JPEG,0.6299,True,fe22a6f7c6660ace7e175f0e639b8ce6,
data/thick_smears/Thick_Uninfected/Image2112.jpg,Image2112.jpg,uninfected,0,thick,thick_baseline,3840,2160,RGB,JPEG,0.8581,True,8440adf69d3a057a68d4b77ed7f47149,
data/thick_smears/Thick_Uninfected/Image1382.jpg,Image1382.jpg,uninfected,0,thick,thick_baseline,3840,2160,RGB,JPEG,1.0419,True,d6733645608707df014df3f7df3b3366,
data/thick_smears/Thick_Uninfected/Image1385.jpg,Image1385.jpg,uninfected,0,thick,thick_baseline,3840,2160,RGB,JPEG,0.997,True,cc76fa263d18a9cb9de34503916502d5,
data/thick_smears/Thick_Infected/Image636.jpg,Image636.jpg,infected,1,thick,thick_baseline,3840,2160,RGB,JPEG,0.6104,True,7167d62a97380f1fdf61a4528b6b1c5c,
data/thick_smears/Thick_Infected/Image906.jpg,Image906.jpg,infected,1,thick,thick_baseline,3840,2160,RGB,JPEG,0.7091,True,143f71ea96bf23b9b537aa32db4f4941,
data/thick_smears/Thick_Infected/Image324.jpg,Image324.jpg,infected,1,thick,thick_baseline,3840,2160,RGB,JPEG,0.5719,True,ee5248cf26fbc459a44ac2df2e5aadc2,
data/thick_smears/Thick_Uninfected/Image1458.jpg,Image1458.jpg,uninfected,0,thick,thick_baseline,3840,2160,RGB,JPEG,1.0062,True,2a7c1890000ba630a98f1cea81292858,
data/thick_smears/Thick_Infected/Image785.jpg,Image785.jpg,infected,1,thick,thick_baseline,3840,2160,RGB,JPEG,0.6191,True,e88c9c8926066cc2043acbcc1f573c17,
data/thick_smears/Thick_Infected/Image601.jpg,Image601.jpg,infected,1,thick,thick_baseline,3840,2160,RGB,JPEG,0.6234,True,a8915e5e5c1067d8a1f551de0aab274e,
data/thick_smears/Thick_Infected/Image676.jpg,Image676.jpg,infected,1,thick,thick_baseline,3840,2160,RGB,JPEG,0.6511,True,4ac6e73ed2004506005f72468505b80c,
data/thick_smears/Thick_Uninfected/Image1762.jpg,Image1762.jpg,uninfected,0,thick,thick_baseline,3840,2160,RGB,JPEG,0.9293,True,4eb8b5ec027c669577c2dcb2a7460183,
data/thick_smears/Thick_Uninfected/Image1304.jpg,Image1304.jpg,uninfected,0,thick,thick_baseline,3840,2160,RGB,JPEG,0.4076,True,c8668a0b4dc983f57705732e1ad4430a,
data/thick_smears/Thick_Infected/Image526.jpg,Image526.jpg,infected,1,thick,thick_baseline,3840,2160,RGB,JPEG,0.6213,True,33d29d109647df4c4d4018dad65adc69,
data/thick_smears/Thick_Infected/Image736.jpg,Image736.jpg,infected,1,thick,thick_baseline,3840,2160,RGB,JPEG,0.6811,True,44fa1b2bafc7c85a107c7a643a4073fd,
data/thick_smears/Thick_Uninfected/Image1935.jpg,Image1935.jpg,uninfected,0,thick,thick_baseline,3840,2160,RGB,JPEG,0.8479,True,6f1193c2ae812252bee72bae1ce9356f,
data/thick_smears/Thick_Infected/Image1081.jpg,Image1081.jpg,infected,1,thick,thick_baseline,1640,922,RGBA,PNG,1.8079,True,41eeab257ecaeece730de18c5e020619,
data/thick_smears/Thick_Infected/Image754.jpg,Image754.jpg,infected,1,thick,thick_baseline,3840,2160,RGB,JPEG,0.6404,True,23ef7995bfcd4fc13d03f8e63cb059d6,
data/thick_smears/Thick_Uninfected/Image1595.jpg,Image1595.jpg,uninfected,0,thick,thick_baseline,3840,2160,RGB,JPEG,0.9169,True,85606968e5f9e1cf0f814933f9c3c779,
data/thick_smears/Thick_Uninfected/Image2061.jpg,Image2061.jpg,uninfected,0,thick,thick_baseline,3840,2160,RGB,JPEG,0.9458,True,7ff019148ec9f7bfd83f84d40671a5e4,
data/thick_smears/Thick_Infected/Image1089.jpg,Image1089.jpg,infected,1,thick,thick_baseline,1640,922,RGBA,PNG,1.5984,True,1bd4003bb1fc6fd8978aeb55be49dd12,
data/thick_smears/Thick_Infected/Image993.jpg,Image993.jpg,infected,1,thick,thick_baseline,3840,2160,RGB,JPEG,0.6453,True,ca0c1f064e5e0dfb48cba1fbdb63f2a4,
data/thick_smears/Thick_Infected/Image64.jpg,Image64.jpg,infected,1,thick,thick_baseline,3840,2160,RGB,JPEG,0.481,True,e88f424febb1c121869cdfafe5659259,
data/thick_smears/Thick_Infected/Image364.jpg,Image364.jpg,infected,1,thick,thick_baseline,3840,2160,RGB,JPEG,0.6879,True,bd16aad02a154465367bac8ccc2881bd,
data/thick_smears/Thick_Uninfected/Image2093.jpg,Image2093.jpg,uninfected,0,thick,thick_baseline,3840,2160,RGB,JPEG,0.9796,True,1cf5461ccebbc0950f88d4a9d14f3388,
data/thick_smears/Thick_Infected/Image63.jpg,Image63.jpg,infected,1,thick,thick_baseline,3840,2160,RGB,JPEG,0.5293,True,9d4a798092b0b964aaaac2772c587758,
data/thick_smears/Thick_Uninfected/Image1605.jpg,Image1605.jpg,uninfected,0,thick,thick_baseline,3840,2160,RGB,JPEG,0.9176,True,233b9d39f97241ae9ed617681975bed8,
data/thick_smears/Thick_Infected/Image247.jpg,Image247.jpg,infected,1,thick,thick_baseline,3840,2160,RGB,JPEG,0.6143,True,32414d2930d7ee787b551f5db4c49e25,
data/thick_smears/Thick_Infected/Image1041.jpg,Image1041.jpg,infected,1,thick,thick_baseline,3840,2160,RGB,JPEG,0.6005,True,d9ef200b1c99d6c2189697ed97fc9dd2,
data/thick_smears/Thick_Infected/Image748.jpg,Image748.jpg,infected,1,thick,thick_baseline,3840,2160,RGB,JPEG,0.5547,True,cfdcde23cb6b8ae7475b381dfae7051f,
data/thick_smears/Thick_Infected/Image591.jpg,Image591.jpg,infected,1,thick,thick_baseline,3840,2160,RGB,JPEG,0.5512,True,b5b58bb1b00fcc661490830fcf928fce,
data/thick_smears/Thick_Infected/Image1110.jpg,Image1110.jpg,infected,1,thick,thick_baseline,1640,922,RGBA,PNG,1.6936,True,1e6dbbf27be6042ef905375bfbd3cce9,
data/thick_smears/Thick_Infected/Image956.jpg,Image956.jpg,infected,1,thick,thick_baseline,3840,2160,RGB,JPEG,1.0914,True,920714badf28d0293c2e59cae4d9bc68,
data/thick_smears/Thick_Infected/Image712.jpg,Image712.jpg,infected,1,thick,thick_baseline,3840,2160,RGB,JPEG,0.7118,True,01591502df9dccc05c78d396aba26f5b,
data/thick_smears/Thick_Infected/Image1083.jpg,Image1083.jpg,infected,1,thick,thick_baseline,1640,922,RGBA,PNG,1.7589,True,8eda2cf4190c35ff7ce1b6080c4cd0e2,
data/thick_smears/Thick_Infected/Image142.jpg,Image142.jpg,infected,1,thick,thick_baseline,3840,2160,RGB,JPEG,0.5694,True,fdefc8203d7ff33b49f5fdeec4c4ae8a,
data/thick_smears/Thick_Uninfected/Image1713.jpg,Image1713.jpg,uninfected,0,thick,thick_baseline,3840,2160,RGB,JPEG,1.0651,True,e048e953c2af9ada9ba2220451c665d6,
data/thick_smears/Thick_Infected/Image808.jpg,Image808.jpg,infected,1,thick,thick_baseline,3840,2160,RGB,JPEG,0.848,True,a3edcfa592562358ddfa0d9ed52849c1,
data/thick_smears/Thick_Infected/Image637.jpg,Image637.jpg,infected,1,thick,thick_baseline,3840,2160,RGB,JPEG,0.6026,True,82fd2439519dad39ef58c33c69033f0a,
data/thick_smears/Thick_Infected/Image12.jpg,Image12.jpg,infected,1,thick,thick_baseline,3840,2160,RGB,JPEG,0.5257,True,369a035356c7b6981e52c409472d4088,
data/thick_smears/Thick_Uninfected/Image1450.jpg,Image1450.jpg,uninfected,0,thick,thick_baseline,3840,2160,RGB,JPEG,0.7643,True,f45e39df592d4fa451d7f0a41d332892,
data/thick_smears/Thick_Uninfected/Image1143.jpg,Image1143.jpg,uninfected,0,thick,thick_baseline,3840,2160,RGB,JPEG,0.3608,True,0d84b441421cae50377fd184ac74c283,
data/thick_smears/Thick_Infected/Image975.jpg,Image975.jpg,infected,1,thick,thick_baseline,3840,2160,RGB,JPEG,0.646,True,7aa994d718536624dcc5444640bef019,
data/thick_smears/Thick_Uninfected/Image1547.jpg,Image1547.jpg,uninfected,0,thick,thick_baseline,3840,2160,RGB,JPEG,0.9006,True,c880e79e0d803baee1d010b9a31a6c0f,
data/thick_smears/Thick_Uninfected/Image1632.jpg,Image1632.jpg,uninfected,0,thick,thick_baseline,3840,2160,RGB,JPEG,0.9745,True,e0cd86c72d5b90c092a9e4f9a019d80a,
data/thick_smears/Thick_Infected/Image185.jpg,Image185.jpg,infected,1,thick,thick_baseline,3840,2160,RGB,JPEG,0.5671,True,a086504741a61aefad46d02736159dad,
data/thick_smears/Thick_Infected/Image126.jpg,Image126.jpg,infected,1,thick,thick_baseline,3840,2160,RGB,JPEG,0.5909,True,771308fd7bbf46022a0da4a6047a782b,
data/thick_smears/Thick_Uninfected/Image1695.jpg,Image1695.jpg,uninfected,0,thick,thick_baseline,3840,2160,RGB,JPEG,0.9563,True,af2163e9175fefb42f69a2bb6960ece1,
data/thick_smears/Thick_Uninfected/Image1617.jpg,Image1617.jpg,uninfected,0,thick,thick_baseline,3840,2160,RGB,JPEG,0.9817,True,463e083fd621d96c22a176115c76721e,
data/thick_smears/Thick_Uninfected/Image1884.jpg,Image1884.jpg,uninfected,0,thick,thick_baseline,3840,2160,RGB,JPEG,0.8482,True,8d937c151828db51665a2b663e76d307,
data/thick_smears/Thick_Uninfected/Image1823.jpg,Image1823.jpg,uninfected,0,thick,thick_baseline,3840,2160,RGB,JPEG,0.9157,True,493d23649546416ead2209cb8689dde2,
data/thick_smears/Thick_Infected/Image1030.jpg,Image1030.jpg,infected,1,thick,thick_baseline,3840,2160,RGB,JPEG,0.7175,True,cb41cee9a68c4415bce8d46c075035f3,
data/thick_smears/Thick_Infected/Image460.jpg,Image460.jpg,infected,1,thick,thick_baseline,3840,2160,RGB,JPEG,0.6473,True,e4a8aac6d63f95dcb0c14a07a5352ef2,
data/thick_smears/Thick_Uninfected/Image2162.jpg,Image2162.jpg,uninfected,0,thick,thick_baseline,1640,922,RGBA,PNG,1.6859,True,04f11aac226e3ad8dddfa86d9e158fef,
data/thick_smears/Thick_Infected/Image407.jpg,Image407.jpg,infected,1,thick,thick_baseline,3840,2160,RGB,JPEG,0.6967,True,78cd59888b80eeb223f91daa071004ce,
data/thick_smears/Thick_Uninfected/Image1707.jpg,Image1707.jpg,uninfected,0,thick,thick_baseline,3840,2160,RGB,JPEG,0.9257,True,e2cc5e80cd62eb550368edf06cf449d5,
data/thick_smears/Thick_Infected/Image750.jpg,Image750.jpg,infected,1,thick,thick_baseline,3840,2160,RGB,JPEG,0.6672,True,e64689bf8a66ce3fe9c37ab82cc6df45,
data/thick_smears/Thick_Infected/Image902.jpg,Image902.jpg,infected,1,thick,thick_baseline,3840,2160,RGB,JPEG,0.6504,True,79303d2566b7b1606e08941122641b59,
data/thick_smears/Thick_Infected/Image870.jpg,Image870.jpg,infected,1,thick,thick_baseline,3840,2160,RGB,JPEG,0.694,True,917ed820f9e086aa60c3749379b9d799,
data/thick_smears/Thick_Uninfected/Image1577.jpg,Image1577.jpg,uninfected,0,thick,thick_baseline,3840,2160,RGB,JPEG,0.8534,True,dcf6c59353649c435ceae66f58b39475,
data/thick_smears/Thick_Uninfected/Image1343.jpg,Image1343.jpg,uninfected,0,thick,thick_baseline,3840,2160,RGB,JPEG,1.0581,True,ad9c2564b034a739065223045932d021,
data/thick_smears/Thick_Uninfected/Image1174.jpg,Image1174.jpg,uninfected,0,thick,thick_baseline,3840,2160,RGB,JPEG,0.3367,True,b0780383ad6e8e0a996097433a66e3a2,
data/thick_smears/Thick_Uninfected/Image1585.jpg,Image1585.jpg,uninfected,0,thick,thick_baseline,3840,2160,RGB,JPEG,0.9523,True,732c27a6a27a4830838df1c7fa55b3ab,
data/thick_smears/Thick_Infected/Image20.jpg,Image20.jpg,infected,1,thick,thick_baseline,3840,2160,RGB,JPEG,0.6375,True,8b3443db2142dbbd2b3dc9c3c41f418c,
data/thick_smears/Thick_Uninfected/Image1276.jpg,Image1276.jpg,uninfected,0,thick,thick_baseline,3840,2160,RGB,JPEG,0.435,True,1c7a809c0ab8b6c962a2ef0fa650f912,
data/thick_smears/Thick_Infected/Image386.jpg,Image386.jpg,infected,1,thick,thick_baseline,3840,2160,RGB,JPEG,0.702,True,71c37984ea58cc4a9585fcf5f47fb025,
data/thick_smears/Thick_Infected/Image338.jpg,Image338.jpg,infected,1,thick,thick_baseline,3840,2160,RGB,JPEG,0.7562,True,b33364a8aa288cd71d8d7b47c566cd80,
data/thick_smears/Thick_Infected/Image1067.jpg,Image1067.jpg,infected,1,thick,thick_baseline,1640,922,RGBA,PNG,1.8104,True,18be8a2674ce31b24679a31e96ded239,
data/thick_smears/Thick_Infected/Image987.jpg,Image987.jpg,infected,1,thick,thick_baseline,3840,2160,RGB,JPEG,0.7889,True,7424d0f9606f32e6f58ff311ee53c8ae,
data/thick_smears/Thick_Infected/Image192.jpg,Image192.jpg,infected,1,thick,thick_baseline,3840,2160,RGB,JPEG,0.4946,True,43c31517fc47f8ac3e29320817782bae,
data/thick_smears/Thick_Uninfected/Image1372.jpg,Image1372.jpg,uninfected,0,thick,thick_baseline,3840,2160,RGB,JPEG,0.9655,True,bf70121cead11caf39a72c10e7d96340,
data/thick_smears/Thick_Infected/Image384.jpg,Image384.jpg,infected,1,thick,thick_baseline,3840,2160,RGB,JPEG,0.683,True,d9e5c3e075d2b5b4c403f0486d26bdb2,
data/thick_smears/Thick_Infected/Image416.jpg,Image416.jpg,infected,1,thick,thick_baseline,3840,2160,RGB,JPEG,0.6451,True,cb5bb3ed5772292aa83de32ca910f79c,
data/thick_smears/Thick_Uninfected/Image1368.jpg,Image1368.jpg,uninfected,0,thick,thick_baseline,3840,2160,RGB,JPEG,0.9805,True,95cedfdbbdc5a44f601959f61e7674a7,
data/thick_smears/Thick_Uninfected/Image2044.jpg,Image2044.jpg,uninfected,0,thick,thick_baseline,3840,2160,RGB,JPEG,0.9258,True,9656e409ccba228a5c42910954b02605,
data/thick_smears/Thick_Infected/Image363.jpg,Image363.jpg,infected,1,thick,thick_baseline,3840,2160,RGB,JPEG,0.6834,True,2d2a241578b9334b0f6853141cb0d0e1,
data/thick_smears/Thick_Uninfected/Image1750.jpg,Image1750.jpg,uninfected,0,thick,thick_baseline,3840,2160,RGB,JPEG,0.9122,True,78137d9af8788803ee722354419bcc04,
data/thick_smears/Thick_Infected/Image1058.jpg,Image1058.jpg,infected,1,thick,thick_baseline,3840,2160,RGB,JPEG,0.637,True,95420d1f8f40e35febd5ec33e59c45b9,
data/thick_smears/Thick_Uninfected/Image1928.jpg,Image1928.jpg,uninfected,0,thick,thick_baseline,3840,2160,RGB,JPEG,0.8783,True,12fb52a190408a3b36924e3fbd6900f2,
data/thick_smears/Thick_Infected/Image959.jpg,Image959.jpg,infected,1,thick,thick_baseline,3840,2160,RGB,JPEG,0.6408,True,64f3fd160251a0828d5c890496c01e23,
data/thick_smears/Thick_Infected/Image542.jpg,Image542.jpg,infected,1,thick,thick_baseline,3840,2160,RGB,JPEG,0.6701,True,602690e379cfdca4f53dad0924b5f3fb,
data/thick_smears/Thick_Infected/Image797.jpg,Image797.jpg,infected,1,thick,thick_baseline,3840,2160,RGB,JPEG,0.7306,True,12601f014af225fcf4b0dfee16ccea88,
data/thick_smears/Thick_Infected/Image323.jpg,Image323.jpg,infected,1,thick,thick_baseline,3840,2160,RGB,JPEG,0.6072,True,5860ea9c339bd1a67e83edaeb57053a4,
data/thick_smears/Thick_Infected/Image44.jpg,Image44.jpg,infected,1,thick,thick_baseline,3840,2160,RGB,JPEG,0.6549,True,0312e59f81e3620ea0aadc2372a9ce30,
data/thick_smears/Thick_Infected/Image179.jpg,Image179.jpg,infected,1,thick,thick_baseline,3840,2160,RGB,JPEG,0.5768,True,46d4951f0e5f70bbbadd20ea5f972954,
data/thick_smears/Thick_Uninfected/Image2098.jpg,Image2098.jpg,uninfected,0,thick,thick_baseline,3840,2160,RGB,JPEG,0.9044,True,f850ecf9f696300e3d4fce624d16436d,
data/thick_smears/Thick_Infected/Image500.jpg,Image500.jpg,infected,1,thick,thick_baseline,3840,2160,RGB,JPEG,0.6825,True,4fd34f3f715b566789d05ff96905fb9d,
data/thick_smears/Thick_Infected/Image212.jpg,Image212.jpg,infected,1,thick,thick_baseline,3840,2160,RGB,JPEG,0.5493,True,5de69a491d44382dfc34f0ce1ee1b567,
data/thick_smears/Thick_Infected/Image267.jpg,Image267.jpg,infected,1,thick,thick_baseline,3840,2160,RGB,JPEG,0.7033,True,a2f0c6a71cd59d93803cd958128c87a2,
data/thick_smears/Thick_Uninfected/Image1451.jpg,Image1451.jpg,uninfected,0,thick,thick_baseline,3840,2160,RGB,JPEG,0.6415,True,314afc5d67d02c5f16e0db719711a894,
data/thick_smears/Thick_Infected/Image473.jpg,Image473.jpg,infected,1,thick,thick_baseline,3840,2160,RGB,JPEG,0.6674,True,306a4b4c1617e18c7aa3df03800a439b,
data/thick_smears/Thick_Infected/Image979.jpg,Image979.jpg,infected,1,thick,thick_baseline,3840,2160,RGB,JPEG,0.6896,True,cdce90fdb6d9eca3258ad679a485077b,
data/thick_smears/Thick_Uninfected/Image2021.jpg,Image2021.jpg,uninfected,0,thick,thick_baseline,3840,2160,RGB,JPEG,0.9272,True,f80be3c1da5555a62102280dc2efe219,
data/thick_smears/Thick_Infected/Image616.jpg,Image616.jpg,infected,1,thick,thick_baseline,3840,2160,RGB,JPEG,0.6666,True,185f6d9824f4b611e7c0acca9e8c8071,
data/thick_smears/Thick_Infected/Image509.jpg,Image509.jpg,infected,1,thick,thick_baseline,3840,2160,RGB,JPEG,0.7305,True,d47a0712d9f78a57df155ab1e5603c90,
data/thick_smears/Thick_Uninfected/Image2009.jpg,Image2009.jpg,uninfected,0,thick,thick_baseline,3840,2160,RGB,JPEG,0.9213,True,4505c80ee224af1d0a5ce3cda0e421bd,
data/thick_smears/Thick_Uninfected/Image1448.jpg,Image1448.jpg,uninfected,0,thick,thick_baseline,3840,2160,RGB,JPEG,0.889,True,b78c197078d1c952410551f4b8e70b1f,
data/thick_smears/Thick_Uninfected/Image1769.jpg,Image1769.jpg,uninfected,0,thick,thick_baseline,3840,2160,RGB,JPEG,1.0148,True,12d440f30accc163b1dedb7199c7498c,
data/thick_smears/Thick_Infected/Image569.jpg,Image569.jpg,infected,1,thick,thick_baseline,3840,2160,RGB,JPEG,0.6527,True,81ff3b126615ebce8215c9dc736dd46c,
data/thick_smears/Thick_Uninfected/Image1248.jpg,Image1248.jpg,uninfected,0,thick,thick_baseline,3840,2160,RGB,JPEG,0.3921,True,4449e2b653b04605c276eb52d44088e8,
data/thick_smears/Thick_Uninfected/Image1698.jpg,Image1698.jpg,uninfected,0,thick,thick_baseline,3840,2160,RGB,JPEG,0.8653,True,6ab56e31ae37c5d4bb7f4056fb3bfdba,
data/thick_smears/Thick_Infected/Image84.jpg,Image84.jpg,infected,1,thick,thick_baseline,3840,2160,RGB,JPEG,0.3861,True,46d8a7680b452072c2c686cfd7c42eb8,
data/thick_smears/Thick_Infected/Image339.jpg,Image339.jpg,infected,1,thick,thick_baseline,3840,2160,RGB,JPEG,0.5973,True,5970f21f5e17288c0c5bf121cc051416,
data/thick_smears/Thick_Infected/Image129.jpg,Image129.jpg,infected,1,thick,thick_baseline,3840,2160,RGB,JPEG,0.3636,True,d5281b1d799c3869c9b30afd669c47cc,
data/thick_smears/Thick_Infected/Image606.jpg,Image606.jpg,infected,1,thick,thick_baseline,3840,2160,RGB,JPEG,0.6524,True,d39786fb4e1a481f583bd1dd72108de9,
data/thick_smears/Thick_Uninfected/Image1575.jpg,Image1575.jpg,uninfected,0,thick,thick_baseline,3840,2160,RGB,JPEG,0.8393,True,8e9f3c984b8a2852b0a27a7b6044f24f,
data/thick_smears/Thick_Infected/Image641.jpg,Image641.jpg,infected,1,thick,thick_baseline,3840,2160,RGB,JPEG,0.5996,True,73e69248bd1679d5040035f80414d8fb,
data/thick_smears/Thick_Infected/Image963.jpg,Image963.jpg,infected,1,thick,thick_baseline,3840,2160,RGB,JPEG,0.7389,True,3f15a2209e718c5f6ac5a2895da29b9b,
data/thick_smears/Thick_Uninfected/Image1350.jpg,Image1350.jpg,uninfected,0,thick,thick_baseline,3840,2160,RGB,JPEG,1.0154,True,6791ffedb959be4204e9073610a0cd37,
data/thick_smears/Thick_Infected/Image228.jpg,Image228.jpg,infected,1,thick,thick_baseline,3840,2160,RGB,JPEG,0.5468,True,943c5fc5f9501a1dace6660b39aa90dc,
data/thick_smears/Thick_Uninfected/Image2105.jpg,Image2105.jpg,uninfected,0,thick,thick_baseline,3840,2160,RGB,JPEG,0.8649,True,29d4f4bb9513282ca986c869c5b36145,
data/thick_smears/Thick_Uninfected/Image2018.jpg,Image2018.jpg,uninfected,0,thick,thick_baseline,3840,2160,RGB,JPEG,0.9172,True,3d9f11ad9dcaba215a903b80a6de98df,
data/thick_smears/Thick_Uninfected/Image01240.jpg,Image01240.jpg,uninfected,0,thick,thick_baseline,3840,2160,RGB,JPEG,0.9091,True,672cd167a795d783e9e9e328d4b9182b,
data/thick_smears/Thick_Uninfected/Image2181.jpg,Image2181.jpg,uninfected,0,thick,thick_baseline,1640,922,RGBA,PNG,1.7439,True,1be60573f827d6a8765c87f2ed261747,
data/thick_smears/Thick_Infected/Image1046.jpg,Image1046.jpg,infected,1,thick,thick_baseline,3840,2160,RGB,JPEG,0.7119,True,d0d501d1ea67103f6f8cd4ab8cd627d2,
data/thick_smears/Thick_Infected/Image656.jpg,Image656.jpg,infected,1,thick,thick_baseline,3840,2160,RGB,JPEG,0.6098,True,c6711605607dd345591cd2cee6923de6,
data/thick_smears/Thick_Uninfected/Image2119.jpg,Image2119.jpg,uninfected,0,thick,thick_baseline,3840,2160,RGB,JPEG,0.8631,True,af8b7c7ba07a29eaacd46997415d9cf7,
data/thick_smears/Thick_Infected/Image1114.jpg,Image1114.jpg,infected,1,thick,thick_baseline,1640,922,RGBA,PNG,1.7856,True,28e20008a1d091139954a7e0263079ca,
data/thick_smears/Thick_Uninfected/Image2122.jpg,Image2122.jpg,uninfected,0,thick,thick_baseline,3840,2160,RGB,JPEG,0.8668,True,d5b6872b21027f1eb611cc53c560e9fd,
data/thick_smears/Thick_Uninfected/Image1584.jpg,Image1584.jpg,uninfected,0,thick,thick_baseline,3840,2160,RGB,JPEG,0.8535,True,5593dcbf74421e8598cb1155c81cf8b3,
data/thick_smears/Thick_Uninfected/Image2082.jpg,Image2082.jpg,uninfected,0,thick,thick_baseline,3840,2160,RGB,JPEG,0.9223,True,403d7b1f27155f7c5b715d8db57780e6,
data/thick_smears/Thick_Infected/Image153.jpg,Image153.jpg,infected,1,thick,thick_baseline,3840,2160,RGB,JPEG,0.4754,True,362e007084fe15372a2c396d408bca94,
data/thick_smears/Thick_Uninfected/Image1934.jpg,Image1934.jpg,uninfected,0,thick,thick_baseline,3840,2160,RGB,JPEG,1.0437,True,d8ce7c3c524872e0672742cfa6d00163,
data/thick_smears/Thick_Uninfected/Image2166.jpg,Image2166.jpg,uninfected,0,thick,thick_baseline,1640,922,RGBA,PNG,1.7636,True,31c42382d3cfdb30fbcf0f8e9410708a,
data/thick_smears/Thick_Infected/Image170.jpg,Image170.jpg,infected,1,thick,thick_baseline,3840,2160,RGB,JPEG,0.4803,True,5645e7d140f094fefc4e1af20385a67b,
data/thick_smears/Thick_Infected/Image968.jpg,Image968.jpg,infected,1,thick,thick_baseline,3840,2160,RGB,JPEG,0.7176,True,291652b339f2d06c438335ce91a7f7f9,
data/thick_smears/Thick_Uninfected/Image1569.jpg,Image1569.jpg,uninfected,0,thick,thick_baseline,3840,2160,RGB,JPEG,0.8958,True,f559c8080ee89884e18cbe3f7ab585eb,
data/thick_smears/Thick_Uninfected/Image2063.jpg,Image2063.jpg,uninfected,0,thick,thick_baseline,3840,2160,RGB,JPEG,0.8811,True,1ae23a3b34304e970e60feae081e32c8,
data/thick_smears/Thick_Infected/Image1076.jpg,Image1076.jpg,infected,1,thick,thick_baseline,1640,922,RGBA,PNG,1.5895,True,2534eda072c8db8f1a63096b100b23e2,
data/thick_smears/Thick_Infected/Image650.jpg,Image650.jpg,infected,1,thick,thick_baseline,3840,2160,RGB,JPEG,0.7008,True,66fdb2c90bd569a55aafff01eac6fa9a,
data/thick_smears/Thick_Infected/Image1036.jpg,Image1036.jpg,infected,1,thick,thick_baseline,3840,2160,RGB,JPEG,0.6575,True,2b30de25dcec360be4f194c525ec51d9,
data/thick_smears/Thick_Infected/Image674.jpg,Image674.jpg,infected,1,thick,thick_baseline,3840,2160,RGB,JPEG,0.6506,True,d92ad5c352e1d843fc42c865e31400a7,
data/thick_smears/Thick_Infected/Image319.jpg,Image319.jpg,infected,1,thick,thick_baseline,3840,2160,RGB,JPEG,0.5677,True,1f42a74a911d07925a7a5b5b053b8123,
data/thick_smears/Thick_Uninfected/Image1481.jpg,Image1481.jpg,uninfected,0,thick,thick_baseline,3840,2160,RGB,JPEG,1.0398,True,5c729201c48f4af45ca37c790d9b7a36,
data/thick_smears/Thick_Infected/Image1019.jpg,Image1019.jpg,infected,1,thick,thick_baseline,3840,2160,RGB,JPEG,0.6905,True,d1ac0c9c63758a934e8d4e57cd855e96,
data/thick_smears/Thick_Uninfected/Image1483.jpg,Image1483.jpg,uninfected,0,thick,thick_baseline,3840,2160,RGB,JPEG,1.0183,True,225252702660ece70955e1452ae9ad55,
data/thick_smears/Thick_Uninfected/Image1357.jpg,Image1357.jpg,uninfected,0,thick,thick_baseline,3840,2160,RGB,JPEG,1.0239,True,0c9805db935b072ba27658f035db9799,
data/thick_smears/Thick_Infected/Image174.jpg,Image174.jpg,infected,1,thick,thick_baseline,3840,2160,RGB,JPEG,0.5827,True,98ab0d0ca0ce0e3001facba1213b23ee,
data/thick_smears/Thick_Uninfected/Image1926.jpg,Image1926.jpg,uninfected,0,thick,thick_baseline,3840,2160,RGB,JPEG,0.8446,True,4c2b18de3345514dbcde217a278f0c81,
data/thick_smears/Thick_Infected/Image349.jpg,Image349.jpg,infected,1,thick,thick_baseline,3840,2160,RGB,JPEG,0.7165,True,6c40820dcd05bc6dcdee42acf83f61fa,
data/thick_smears/Thick_Uninfected/Image1208.jpg,Image1208.jpg,uninfected,0,thick,thick_baseline,3840,2160,RGB,JPEG,0.4005,True,ada830eb11cc60e2fc8e4cd165f77a9e,
data/thick_smears/Thick_Uninfected/Image1528.jpg,Image1528.jpg,uninfected,0,thick,thick_baseline,3840,2160,RGB,JPEG,0.9214,True,7e64143506b6dea029923fdc417b59da,
data/thick_smears/Thick_Infected/Image801.jpg,Image801.jpg,infected,1,thick,thick_baseline,3840,2160,RGB,JPEG,0.7802,True,6dab8ac45e1672931a5db5cbccea0d45,
data/thick_smears/Thick_Infected/Image1052.jpg,Image1052.jpg,infected,1,thick,thick_baseline,3840,2160,RGB,JPEG,0.5347,True,5194f5078f2486dd934da8bc8846cb3d,
data/thick_smears/Thick_Uninfected/Image1416.jpg,Image1416.jpg,uninfected,0,thick,thick_baseline,3840,2160,RGB,JPEG,0.9698,True,821cccdf1ef949ff8b4cc16687d7e1e9,
data/thick_smears/Thick_Infected/Image71.jpg,Image71.jpg,infected,1,thick,thick_baseline,3840,2160,RGB,JPEG,0.5013,True,3d691e2efeaee9a6ccf54b18069d7b42,
data/thick_smears/Thick_Infected/Image924.jpg,Image924.jpg,infected,1,thick,thick_baseline,3840,2160,RGB,JPEG,0.6765,True,0632213f3a00b928559d2b4cb154fe16,
data/thick_smears/Thick_Infected/Image480.jpg,Image480.jpg,infected,1,thick,thick_baseline,3840,2160,RGB,JPEG,0.6939,True,0df526efb1f01534e6aa351bc859d8af,
data/thick_smears/Thick_Uninfected/Image2169.jpg,Image2169.jpg,uninfected,0,thick,thick_baseline,1640,922,RGBA,PNG,1.68,True,8b38eec4ed55b990a325c1e1280ea509,
data/thick_smears/Thick_Uninfected/Image1168.jpg,Image1168.jpg,uninfected,0,thick,thick_baseline,3840,2160,RGB,JPEG,0.3561,True,9e86999f454dfe0c273fcc2f7d5f1b7b,
data/thick_smears/Thick_Infected/Image532.jpg,Image532.jpg,infected,1,thick,thick_baseline,3840,2160,RGB,JPEG,0.5784,True,b6393c3f8f9aceb3c239d58d733edb1b,
data/thick_smears/Thick_Uninfected/Image1873.jpg,Image1873.jpg,uninfected,0,thick,thick_baseline,3840,2160,RGB,JPEG,0.9416,True,0832c7797056e93be28ede4b459e5eb4,
data/thick_smears/Thick_Uninfected/Image1147.jpg,Image1147.jpg,uninfected,0,thick,thick_baseline,3840,2160,RGB,JPEG,0.3666,True,ee16cea9cb907332ab65c6498804a637,
data/thick_smears/Thick_Infected/Image75.jpg,Image75.jpg,infected,1,thick,thick_baseline,3840,2160,RGB,JPEG,0.5647,True,e426d528e434bff3b16e94ff79ded0d4,
data/thick_smears/Thick_Infected/Image721.jpg,Image721.jpg,infected,1,thick,thick_baseline,3840,2160,RGB,JPEG,0.6796,True,3cdfdcb649fa62a53fec8bed2cfca2ed,
data/thick_smears/Thick_Uninfected/Image2065.jpg,Image2065.jpg,uninfected,0,thick,thick_baseline,3840,2160,RGB,JPEG,0.9696,True,ad28a05256e8a8a76c76d3e0ddc7b018,
data/thick_smears/Thick_Uninfected/Image1335.jpg,Image1335.jpg,uninfected,0,thick,thick_baseline,3840,2160,RGB,JPEG,0.4473,True,8ba4810a9429324f920a2a905ceeb8e6,
data/thick_smears/Thick_Infected/Image967.jpg,Image967.jpg,infected,1,thick,thick_baseline,3840,2160,RGB,JPEG,0.7012,True,8ae6348e2208d8bc0bae8bf9eb108971,
data/thick_smears/Thick_Infected/Image1053.jpg,Image1053.jpg,infected,1,thick,thick_baseline,3840,2160,RGB,JPEG,0.6569,True,5f79a27366defb1ed06efd43c22ab9d7,
data/thick_smears/Thick_Uninfected/Image1315.jpg,Image1315.jpg,uninfected,0,thick,thick_baseline,3840,2160,RGB,JPEG,0.4729,True,91ebdc433bb5a81e67838dbe2d13cfa0,
data/thick_smears/Thick_Uninfected/Image1980.jpg,Image1980.jpg,uninfected,0,thick,thick_baseline,3840,2160,RGB,JPEG,0.9177,True,290ad3e0daa708756148a4133a08919e,
data/thick_smears/Thick_Infected/Image66.jpg,Image66.jpg,infected,1,thick,thick_baseline,3840,2160,RGB,JPEG,0.3857,True,bd09403618ab7488ce3d5956ee0adc19,
data/thick_smears/Thick_Uninfected/Image1999.jpg,Image1999.jpg,uninfected,0,thick,thick_baseline,3840,2160,RGB,JPEG,1.0557,True,769d7f8ffca9fd8349916f2ccd87a4a8,
data/thick_smears/Thick_Uninfected/Image1183.jpg,Image1183.jpg,uninfected,0,thick,thick_baseline,3840,2160,RGB,JPEG,0.4286,True,e90b9a9b022c10be56557981487bd362,
data/thick_smears/Thick_Uninfected/Image1628.jpg,Image1628.jpg,uninfected,0,thick,thick_baseline,3840,2160,RGB,JPEG,0.9158,True,c01fd409af82b98c043f043f3e72d3c3,
data/thick_smears/Thick_Uninfected/Image1151.jpg,Image1151.jpg,uninfected,0,thick,thick_baseline,3840,2160,RGB,JPEG,0.3069,True,c5230792510e7c7c33b8133291879b5b,
data/thick_smears/Thick_Infected/Image802.jpg,Image802.jpg,infected,1,thick,thick_baseline,3840,2160,RGB,JPEG,0.7978,True,e69fe49067a185029ec21581629a7b40,
data/thick_smears/Thick_Uninfected/Image2160.jpg,Image2160.jpg,uninfected,0,thick,thick_baseline,1640,922,RGBA,PNG,1.6556,True,24eb1ba68825a5469d599b5cbcad29c3,
data/thick_smears/Thick_Uninfected/Image1897.jpg,Image1897.jpg,uninfected,0,thick,thick_baseline,3840,2160,RGB,JPEG,0.9182,True,24693973319c0ef362cf092a238fb6f4,
data/thick_smears/Thick_Infected/Image410.jpg,Image410.jpg,infected,1,thick,thick_baseline,3840,2160,RGB,JPEG,0.6407,True,80983f04d435b97d63d2587ced12b01d,
data/thick_smears/Thick_Uninfected/Image1629.jpg,Image1629.jpg,uninfected,0,thick,thick_baseline,3840,2160,RGB,JPEG,0.9004,True,9e61d8031c9026aba51b4519ea0e5f3c,
data/thick_smears/Thick_Infected/Image294.jpg,Image294.jpg,infected,1,thick,thick_baseline,3840,2160,RGB,JPEG,0.607,True,3a82cb7c3e204c6c98dace25ca97a2be,
data/thick_smears/Thick_Infected/Image568.jpg,Image568.jpg,infected,1,thick,thick_baseline,3840,2160,RGB,JPEG,0.6604,True,277e69b9e1407ae67d8f19dae9868ef0,
data/thick_smears/Thick_Uninfected/Image1413.jpg,Image1413.jpg,uninfected,0,thick,thick_baseline,3840,2160,RGB,JPEG,0.9864,True,73252e00bf31826e707b61ea445656bb,
data/thick_smears/Thick_Uninfected/Image1648.jpg,Image1648.jpg,uninfected,0,thick,thick_baseline,3840,2160,RGB,JPEG,0.9034,True,b3c472c4642e73ee8d16a4259d2e628e,
data/thick_smears/Thick_Uninfected/Image1597.jpg,Image1597.jpg,uninfected,0,thick,thick_baseline,3840,2160,RGB,JPEG,0.8845,True,d01be7c0f0963709f95c3e4d8858de5d,
data/thick_smears/Thick_Uninfected/Image1228.jpg,Image1228.jpg,uninfected,0,thick,thick_baseline,3840,2160,RGB,JPEG,0.3763,True,0945e0f34d233759b45b2fd6b15ed984,
data/thick_smears/Thick_Uninfected/Image1499.jpg,Image1499.jpg,uninfected,0,thick,thick_baseline,3840,2160,RGB,JPEG,1.0213,True,a9b207450dbd9667af86636b812a465a,
data/thick_smears/Thick_Infected/Image488.jpg,Image488.jpg,infected,1,thick,thick_baseline,3840,2160,RGB,JPEG,0.6631,True,fa29e0bcdefc0e8b2432faa7b2a153f6,
data/thick_smears/Thick_Infected/Image854.jpg,Image854.jpg,infected,1,thick,thick_baseline,3840,2160,RGB,JPEG,0.8003,True,87672859439a57814069dfb2cf74cab9,
data/thick_smears/Thick_Uninfected/Image1273.jpg,Image1273.jpg,uninfected,0,thick,thick_baseline,3840,2160,RGB,JPEG,0.3693,True,0587dae3faa669245f0d499b7bc06aff,
data/thick_smears/Thick_Uninfected/Image1559.jpg,Image1559.jpg,uninfected,0,thick,thick_baseline,3840,2160,RGB,JPEG,0.8591,True,e876e9293b8635b09dc789ce5a356fe2,
data/thick_smears/Thick_Infected/Image275.jpg,Image275.jpg,infected,1,thick,thick_baseline,3840,2160,RGB,JPEG,0.5722,True,d15dcbc13f484c031e6be068912a2702,
data/thick_smears/Thick_Uninfected/Image1953.jpg,Image1953.jpg,uninfected,0,thick,thick_baseline,3840,2160,RGB,JPEG,0.9283,True,9a0d78496a8c2427c254a261926f7f25,
data/thick_smears/Thick_Infected/Image164.jpg,Image164.jpg,infected,1,thick,thick_baseline,3840,2160,RGB,JPEG,0.4351,True,f4f0f6317e6a09df8db29a8cd0aa0796,
data/thick_smears/Thick_Uninfected/Image1320.jpg,Image1320.jpg,uninfected,0,thick,thick_baseline,3840,2160,RGB,JPEG,0.4322,True,b7ad175e76b0bbf6db5c890834597ee1,
data/thick_smears/Thick_Uninfected/Image1921.jpg,Image1921.jpg,uninfected,0,thick,thick_baseline,3840,2160,RGB,JPEG,0.849,True,a07e776a56c2d1f1f45a7408998739b4,
data/thick_smears/Thick_Uninfected/Image1874.jpg,Image1874.jpg,uninfected,0,thick,thick_baseline,3840,2160,RGB,JPEG,0.8898,True,64ff89e25b4fa9a143f2b62285a07946,
data/thick_smears/Thick_Uninfected/Image1582.jpg,Image1582.jpg,uninfected,0,thick,thick_baseline,3840,2160,RGB,JPEG,0.9616,True,183a257790e5a64f3d492c4fa5f66111,
data/thick_smears/Thick_Uninfected/Image1539.jpg,Image1539.jpg,uninfected,0,thick,thick_baseline,3840,2160,RGB,JPEG,0.7416,True,f956d77c0b13e4839fb00d94b4e5fe01,
data/thick_smears/Thick_Uninfected/Image1557.jpg,Image1557.jpg,uninfected,0,thick,thick_baseline,3840,2160,RGB,JPEG,0.8258,True,0eefb94dbc794c5b9b306d1856cfb2e6,
data/thick_smears/Thick_Infected/Image1102.jpg,Image1102.jpg,infected,1,thick,thick_baseline,1640,922,RGBA,PNG,1.6963,True,7d76855ce79769e6a8247e212b05f9b9,
data/thick_smears/Thick_Infected/Image14.jpg,Image14.jpg,infected,1,thick,thick_baseline,3840,2160,RGB,JPEG,0.5705,True,ed25153ff3f7dffccfec0cbffd59853b,
data/thick_smears/Thick_Uninfected/Image2066.jpg,Image2066.jpg,uninfected,0,thick,thick_baseline,3840,2160,RGB,JPEG,0.9762,True,dd4955d4582855ab2ca5d1ddfe871b24,
data/thick_smears/Thick_Infected/Image217.jpg,Image217.jpg,infected,1,thick,thick_baseline,3840,2160,RGB,JPEG,0.5177,True,d26a50846a633dec1e32c6577dc8f790,
data/thick_smears/Thick_Uninfected/Image1924.jpg,Image1924.jpg,uninfected,0,thick,thick_baseline,3840,2160,RGB,JPEG,0.9136,True,55a5b66d918d6270c3f7864e265c642b,
data/thick_smears/Thick_Infected/Image879.jpg,Image879.jpg,infected,1,thick,thick_baseline,3840,2160,RGB,JPEG,0.6468,True,66454301fd28453cf634041a9aef753a,
data/thick_smears/Thick_Uninfected/Image1973.jpg,Image1973.jpg,uninfected,0,thick,thick_baseline,3840,2160,RGB,JPEG,0.822,True,f4cce86728526ce36b640d9d597f48d9,
data/thick_smears/Thick_Uninfected/Image1157.jpg,Image1157.jpg,uninfected,0,thick,thick_baseline,3840,2160,RGB,JPEG,0.3525,True,7f60fdd8964f30df3d7ffeee238f76f5,
data/thick_smears/Thick_Uninfected/Image1521.jpg,Image1521.jpg,uninfected,0,thick,thick_baseline,3840,2160,RGB,JPEG,1.0729,True,01e7324632c54de55bebf634891218e0,
data/thick_smears/Thick_Uninfected/Image1247.jpg,Image1247.jpg,uninfected,0,thick,thick_baseline,3840,2160,RGB,JPEG,0.352,True,89f693f29e95c385505b7e6713da17fe,
data/thick_smears/Thick_Infected/Image1018.jpg,Image1018.jpg,infected,1,thick,thick_baseline,3840,2160,RGB,JPEG,0.6253,True,9ae7cb0243e013cba7ba1578d13bb021,
data/thick_smears/Thick_Uninfected/Image1167.jpg,Image1167.jpg,uninfected,0,thick,thick_baseline,3840,2160,RGB,JPEG,0.4577,True,d156073ec8c61e42e83d34e33f6258a8,
data/thick_smears/Thick_Uninfected/Image2182.jpg,Image2182.jpg,uninfected,0,thick,thick_baseline,1640,922,RGBA,PNG,1.7615,True,3489cfae8bfd7d5b12d7622fd7d4ffa7,
data/thick_smears/Thick_Infected/Image931.jpg,Image931.jpg,infected,1,thick,thick_baseline,3840,2160,RGB,JPEG,0.5953,True,e76adc26022d1d601e79acd3f98e1e9b,
data/thick_smears/Thick_Infected/Image62.jpg,Image62.jpg,infected,1,thick,thick_baseline,3840,2160,RGB,JPEG,0.4631,True,f295f2c3a30a73fbe3fcc0b2a3502c93,
data/thick_smears/Thick_Infected/Image1005.jpg,Image1005.jpg,infected,1,thick,thick_baseline,3840,2160,RGB,JPEG,0.7092,True,2df64f27fe06aef2e61a4f84d1946b58,
data/thick_smears/Thick_Infected/Image198.jpg,Image198.jpg,infected,1,thick,thick_baseline,3840,2160,RGB,JPEG,0.3491,True,70e9b8782da8cb7ba0dad0889a04bf46,
data/thick_smears/Thick_Uninfected/Image1497.jpg,Image1497.jpg,uninfected,0,thick,thick_baseline,3840,2160,RGB,JPEG,0.8614,True,d27bd80daff99ca6d76a252ccc7c2691,
data/thick_smears/Thick_Infected/Image716.jpg,Image716.jpg,infected,1,thick,thick_baseline,3840,2160,RGB,JPEG,0.7222,True,78943b8671b5121273768cfa7ffa4bf2,
data/thick_smears/Thick_Infected/Image865.jpg,Image865.jpg,infected,1,thick,thick_baseline,3840,2160,RGB,JPEG,0.8166,True,f242c949b58af44a7f1f4a98f3bf1c54,
data/thick_smears/Thick_Infected/Image978.jpg,Image978.jpg,infected,1,thick,thick_baseline,3840,2160,RGB,JPEG,0.7074,True,1641ebe8fc44a279743bb588b2a0930f,
data/thick_smears/Thick_Infected/Image494.jpg,Image494.jpg,infected,1,thick,thick_baseline,3840,2160,RGB,JPEG,0.6696,True,2e1eccc53c4a31c9c1c71165e08e927a,
data/thick_smears/Thick_Uninfected/Image1797.jpg,Image1797.jpg,uninfected,0,thick,thick_baseline,3840,2160,RGB,JPEG,0.912,True,53807fbe59ead39b34a7af760ed6466b,
data/thick_smears/Thick_Infected/Image312.jpg,Image312.jpg,infected,1,thick,thick_baseline,3840,2160,RGB,JPEG,0.5328,True,0f2d43b011eea248affa08a4f870e5c5,
data/thick_smears/Thick_Infected/Image730.jpg,Image730.jpg,infected,1,thick,thick_baseline,3840,2160,RGB,JPEG,0.731,True,5258fbc1fa34723925ed12f351862951,
data/thick_smears/Thick_Infected/Image298.jpg,Image298.jpg,infected,1,thick,thick_baseline,3840,2160,RGB,JPEG,0.6141,True,0f57d915ac4203708cc6f412fa1881f9,
data/thick_smears/Thick_Infected/Image208.jpg,Image208.jpg,infected,1,thick,thick_baseline,3840,2160,RGB,JPEG,0.5917,True,a6f621a5bb3d5cebe8055ee5aadb51a8,
data/thick_smears/Thick_Infected/Image711.jpg,Image711.jpg,infected,1,thick,thick_baseline,3840,2160,RGB,JPEG,0.6305,True,982805811bba98c8c51dbd89e5455a3a,
data/thick_smears/Thick_Uninfected/Image1598.jpg,Image1598.jpg,uninfected,0,thick,thick_baseline,3840,2160,RGB,JPEG,0.8817,True,fc28f6572fdd3b9f87c712145f91c224,
data/thick_smears/Thick_Infected/Image815.jpg,Image815.jpg,infected,1,thick,thick_baseline,3840,2160,RGB,JPEG,0.7276,True,f52e4095a9c7befcab72b145560b6a6b,
data/thick_smears/Thick_Uninfected/Image1782.jpg,Image1782.jpg,uninfected,0,thick,thick_baseline,3840,2160,RGB,JPEG,0.8368,True,a7520782707d2cec701692a8553e47b7,
data/thick_smears/Thick_Uninfected/Image1376.jpg,Image1376.jpg,uninfected,0,thick,thick_baseline,3840,2160,RGB,JPEG,1.0858,True,604ffdeac992e9a29ebd559f2a2135b4,
data/thick_smears/Thick_Uninfected/Image2124.jpg,Image2124.jpg,uninfected,0,thick,thick_baseline,3840,2160,RGB,JPEG,0.9665,True,718c0f1ecc8a317370ab0f05fafc6bd7,
data/thick_smears/Thick_Infected/Image761.jpg,Image761.jpg,infected,1,thick,thick_baseline,3840,2160,RGB,JPEG,0.6194,True,d261b8cd590b99dd4280812cf93f18dd,
data/thick_smears/Thick_Uninfected/Image1727.jpg,Image1727.jpg,uninfected,0,thick,thick_baseline,3840,2160,RGB,JPEG,0.8924,True,6402fcd363b2a6b799b387f010930e83,
data/thick_smears/Thick_Uninfected/Image1666.jpg,Image1666.jpg,uninfected,0,thick,thick_baseline,3840,2160,RGB,JPEG,0.8419,True,059c570958dfc097e53473f534255afa,
data/thick_smears/Thick_Uninfected/Image1444.jpg,Image1444.jpg,uninfected,0,thick,thick_baseline,3840,2160,RGB,JPEG,0.9378,True,b84fd900ba93fa3820eeec52a912186f,
data/thick_smears/Thick_Infected/Image433.jpg,Image433.jpg,infected,1,thick,thick_baseline,3840,2160,RGB,JPEG,0.6138,True,1f94933be9b6694934c7d805fc6920f5,
data/thick_smears/Thick_Infected/Image795.jpg,Image795.jpg,infected,1,thick,thick_baseline,3840,2160,RGB,JPEG,0.599,True,0e91e85e3c04efb50f870a6e204641c7,
data/thick_smears/Thick_Uninfected/Image1375.jpg,Image1375.jpg,uninfected,0,thick,thick_baseline,3840,2160,RGB,JPEG,0.909,True,21abe93f4cc8b799b3ca29605544acb7,
data/thick_smears/Thick_Infected/Image544.jpg,Image544.jpg,infected,1,thick,thick_baseline,3840,2160,RGB,JPEG,0.6266,True,79517192b373189e60cdc391c08c1f16,
data/thick_smears/Thick_Uninfected/Image1914.jpg,Image1914.jpg,uninfected,0,thick,thick_baseline,3840,2160,RGB,JPEG,0.9041,True,a5babdbb54d7264a956cf0872511614b,
data/thick_smears/Thick_Uninfected/Image1927.jpg,Image1927.jpg,uninfected,0,thick,thick_baseline,3840,2160,RGB,JPEG,0.9457,True,904ecab7db49d110a7f54ba60278b5a4,
data/thick_smears/Thick_Uninfected/Image1549.jpg,Image1549.jpg,uninfected,0,thick,thick_baseline,3840,2160,RGB,JPEG,0.9528,True,fead31d52b014746ec6feed76d480b6e,
data/thick_smears/Thick_Infected/Image05.jpg,Image05.jpg,infected,1,thick,thick_baseline,3840,2160,RGB,JPEG,0.6048,True,08c20be8ff035f903f4ffe369f7af9dc,
data/thick_smears/Thick_Uninfected/Image1265.jpg,Image1265.jpg,uninfected,0,thick,thick_baseline,3840,2160,RGB,JPEG,0.4121,True,112333ca573d3ea63c0567cb579382b2,
data/thick_smears/Thick_Uninfected/Image2013.jpg,Image2013.jpg,uninfected,0,thick,thick_baseline,3840,2160,RGB,JPEG,0.8685,True,a253e0b80fe356fbf8be2922370a1e7c,
data/thick_smears/Thick_Uninfected/Image1556.jpg,Image1556.jpg,uninfected,0,thick,thick_baseline,3840,2160,RGB,JPEG,0.9536,True,4d7e5459734e47a30eb4ce47a2d686da,
data/thick_smears/Thick_Uninfected/Image1496.jpg,Image1496.jpg,uninfected,0,thick,thick_baseline,3840,2160,RGB,JPEG,0.8369,True,21b691048fc7ac711a92563c4e563ad7,
data/thick_smears/Thick_Uninfected/Image1706.jpg,Image1706.jpg,uninfected,0,thick,thick_baseline,3840,2160,RGB,JPEG,0.8882,True,86ba3cfa613aac2538a4843cd1c023c7,
data/thick_smears/Thick_Infected/Image1071.jpg,Image1071.jpg,infected,1,thick,thick_baseline,1640,922,RGBA,PNG,1.8334,True,228eaf781bd0fc35aebb8e52af2ce148,
data/thick_smears/Thick_Uninfected/Image1180.jpg,Image1180.jpg,uninfected,0,thick,thick_baseline,3840,2160,RGB,JPEG,0.3166,True,9cad70eb916fe17527dda6ab3d007a28,
data/thick_smears/Thick_Infected/Image980.jpg,Image980.jpg,infected,1,thick,thick_baseline,3840,2160,RGB,JPEG,0.6968,True,c107783012e6369e6b66a32e8ea3444f,
data/thick_smears/Thick_Uninfected/Image1633.jpg,Image1633.jpg,uninfected,0,thick,thick_baseline,3840,2160,RGB,JPEG,0.9592,True,e97b4f71e59a655475e406e43fd0ae4f,
data/thick_smears/Thick_Uninfected/Image1640.jpg,Image1640.jpg,uninfected,0,thick,thick_baseline,3840,2160,RGB,JPEG,1.0106,True,d70107bd5cdbaaab9256a6303682a1a5,
data/thick_smears/Thick_Infected/Image39.jpg,Image39.jpg,infected,1,thick,thick_baseline,3840,2160,RGB,JPEG,0.6875,True,8c2122f6328590b9c55b3d6c98a693c5,
data/thick_smears/Thick_Uninfected/Image1384.jpg,Image1384.jpg,uninfected,0,thick,thick_baseline,3840,2160,RGB,JPEG,0.9693,True,070298ef7385b37e76ea021163f87037,
data/thick_smears/Thick_Infected/Image617.jpg,Image617.jpg,infected,1,thick,thick_baseline,3840,2160,RGB,JPEG,0.6912,True,8b23d240ba388026a064cbfa16ab028f,
data/thick_smears/Thick_Uninfected/Image2084.jpg,Image2084.jpg,uninfected,0,thick,thick_baseline,3840,2160,RGB,JPEG,0.9759,True,dc8770f7b369b9ac5eeac8e58e7c4868,
data/thick_smears/Thick_Uninfected/Image1731.jpg,Image1731.jpg,uninfected,0,thick,thick_baseline,3840,2160,RGB,JPEG,0.8662,True,57c02a8b0717219998ba87f9587dc6a8,
data/thick_smears/Thick_Uninfected/Image1351.jpg,Image1351.jpg,uninfected,0,thick,thick_baseline,3840,2160,RGB,JPEG,1.0349,True,5d53a59e012e4f6e751924077a20ce09,
data/thick_smears/Thick_Infected/Image406.jpg,Image406.jpg,infected,1,thick,thick_baseline,3840,2160,RGB,JPEG,0.6071,True,0c5e51ffae0f94a2c0c8b8875944fb34,
data/thick_smears/Thick_Uninfected/Image1226.jpg,Image1226.jpg,uninfected,0,thick,thick_baseline,3840,2160,RGB,JPEG,0.3982,True,e5fd793afae90b885cb98b11db46e498,
data/thick_smears/Thick_Infected/Image348.jpg,Image348.jpg,infected,1,thick,thick_baseline,3840,2160,RGB,JPEG,0.7391,True,04aa5ac6949b1e1a43855e377fbc68cf,
data/thick_smears/Thick_Uninfected/Image1912.jpg,Image1912.jpg,uninfected,0,thick,thick_baseline,3840,2160,RGB,JPEG,0.8668,True,a6c2837d26dc0a3eb6feb5d3f9ce9e2d,
data/thick_smears/Thick_Infected/Image399.jpg,Image399.jpg,infected,1,thick,thick_baseline,3840,2160,RGB,JPEG,0.6134,True,3dea72e1c97236071f4cd65527b61364,
data/thick_smears/Thick_Uninfected/Image1488.jpg,Image1488.jpg,uninfected,0,thick,thick_baseline,3840,2160,RGB,JPEG,0.8561,True,99ed8e08d07751232cbb23cab99f1731,
data/thick_smears/Thick_Infected/Image593.jpg,Image593.jpg,infected,1,thick,thick_baseline,3840,2160,RGB,JPEG,0.5876,True,5c9072230c3fd0ece4071d931ff2692d,
data/thick_smears/Thick_Infected/Image996.jpg,Image996.jpg,infected,1,thick,thick_baseline,3840,2160,RGB,JPEG,0.7155,True,f574da07826a996c3483682be8843b32,
data/thick_smears/Thick_Infected/Image336.jpg,Image336.jpg,infected,1,thick,thick_baseline,3840,2160,RGB,JPEG,0.6043,True,1fa6954fd3be47395389209c96dfb16c,
data/thick_smears/Thick_Infected/Image682.jpg,Image682.jpg,infected,1,thick,thick_baseline,3840,2160,RGB,JPEG,0.5989,True,429c816218f5ee3219735a32130a2140,
data/thick_smears/Thick_Uninfected/Image1374.jpg,Image1374.jpg,uninfected,0,thick,thick_baseline,3840,2160,RGB,JPEG,0.9599,True,f890fd6d0ffd5e1728f12c65bd974d3d,
data/thick_smears/Thick_Uninfected/Image1428.jpg,Image1428.jpg,uninfected,0,thick,thick_baseline,3840,2160,RGB,JPEG,0.9462,True,3992f0be9fcae912a764b41caea5b875,
data/thick_smears/Thick_Uninfected/Image1561.jpg,Image1561.jpg,uninfected,0,thick,thick_baseline,3840,2160,RGB,JPEG,0.8651,True,1dcccaf41c01e2fde791638f1e9f9117,
data/thick_smears/Thick_Infected/Image678.jpg,Image678.jpg,infected,1,thick,thick_baseline,3840,2160,RGB,JPEG,0.6496,True,011376c5b6cc6702db990797d7edf2bb,
data/thick_smears/Thick_Infected/Image481.jpg,Image481.jpg,infected,1,thick,thick_baseline,3840,2160,RGB,JPEG,0.7726,True,8a17620c44bff6e11f88a70b9a1c0d3f,
data/thick_smears/Thick_Uninfected/Image1466.jpg,Image1466.jpg,uninfected,0,thick,thick_baseline,3840,2160,RGB,JPEG,1.0823,True,2a1449f643abb7c0f743dd763849ed3d,
data/thick_smears/Thick_Uninfected/Image1467.jpg,Image1467.jpg,uninfected,0,thick,thick_baseline,3840,2160,RGB,JPEG,1.0102,True,37531923821b975f74a993562bf7c8de,
data/thick_smears/Thick_Uninfected/Image21242.jpg,Image21242.jpg,uninfected,0,thick,thick_baseline,3840,2160,RGB,JPEG,0.8585,True,99338f7b418fec696794b7a433d960b1,
data/thick_smears/Thick_Uninfected/Image11241.jpg,Image11241.jpg,uninfected,0,thick,thick_baseline,3840,2160,RGB,JPEG,0.9215,True,ea2009b8e202b22261a5332ef84ce15e,
data/thick_smears/Thick_Infected/Image1008.jpg,Image1008.jpg,infected,1,thick,thick_baseline,3840,2160,RGB,JPEG,0.6747,True,c30359bb7096549f1812b8229dc173bd,
data/thick_smears/Thick_Infected/Image468.jpg,Image468.jpg,infected,1,thick,thick_baseline,3840,2160,RGB,JPEG,0.6087,True,da5df88fae490d0ac1d81a9f6f4ae0e9,
data/thick_smears/Thick_Uninfected/Image1475.jpg,Image1475.jpg,uninfected,0,thick,thick_baseline,3840,2160,RGB,JPEG,0.9676,True,047acd67e35c527c4ce53ff2cf960e93,
data/thick_smears/Thick_Uninfected/Image1536.jpg,Image1536.jpg,uninfected,0,thick,thick_baseline,3840,2160,RGB,JPEG,0.7285,True,593b8df03b655aa19121bf7f65eeaf86,
data/thick_smears/Thick_Uninfected/Image2154.jpg,Image2154.jpg,uninfected,0,thick,thick_baseline,1640,922,RGBA,PNG,1.7143,True,11c61b7b094dfe9a5b41c9a291749475,
data/thick_smears/Thick_Uninfected/Image1657.jpg,Image1657.jpg,uninfected,0,thick,thick_baseline,3840,2160,RGB,JPEG,1.0211,True,e33ae860d7e18c8b405294fe8eb3167f,
data/thick_smears/Thick_Infected/Image414.jpg,Image414.jpg,infected,1,thick,thick_baseline,3840,2160,RGB,JPEG,0.6517,True,7d0122b266ae4c798f4b140685d9277d,
data/thick_smears/Thick_Uninfected/Image1643.jpg,Image1643.jpg,uninfected,0,thick,thick_baseline,3840,2160,RGB,JPEG,0.8923,True,4a6a46d302918df648148b2d4e26a733,
data/thick_smears/Thick_Uninfected/Image2090.jpg,Image2090.jpg,uninfected,0,thick,thick_baseline,3840,2160,RGB,JPEG,0.9936,True,88706a9c147650af7fba80b88be791c8,
data/thick_smears/Thick_Infected/Image117.jpg,Image117.jpg,infected,1,thick,thick_baseline,3840,2160,RGB,JPEG,0.3642,True,95e9f3f700586d9fbb292a021b15723d,
data/thick_smears/Thick_Uninfected/Image1394.jpg,Image1394.jpg,uninfected,0,thick,thick_baseline,3840,2160,RGB,JPEG,0.9613,True,95997a99a4add9796d19d59874c3de18,
data/thick_smears/Thick_Infected/Image46.jpg,Image46.jpg,infected,1,thick,thick_baseline,3840,2160,RGB,JPEG,0.6305,True,1b255ac9a97b75d9ad5ff01603663376,
data/thick_smears/Thick_Infected/Image50.jpg,Image50.jpg,infected,1,thick,thick_baseline,3840,2160,RGB,JPEG,0.4141,True,6a6e172d5456c61741f319f85720007c,
data/thick_smears/Thick_Uninfected/Image1718.jpg,Image1718.jpg,uninfected,0,thick,thick_baseline,3840,2160,RGB,JPEG,0.8445,True,54c73b1dcd5ed085f5a71bac6e991a47,
data/thick_smears/Thick_Infected/Image200.jpg,Image200.jpg,infected,1,thick,thick_baseline,3840,2160,RGB,JPEG,0.6424,True,40f84e8b639c90c9f742b050a3050522,
data/thick_smears/Thick_Uninfected/Image2017.jpg,Image2017.jpg,uninfected,0,thick,thick_baseline,3840,2160,RGB,JPEG,0.9729,True,af4d2177cf9287c3a185a591e9ffdb7d,
data/thick_smears/Thick_Infected/Image1006.jpg,Image1006.jpg,infected,1,thick,thick_baseline,3840,2160,RGB,JPEG,0.6888,True,394c041ea247e2ea5f5f1b7141a6f594,
data/thick_smears/Thick_Uninfected/Image1655.jpg,Image1655.jpg,uninfected,0,thick,thick_baseline,3840,2160,RGB,JPEG,0.9698,True,e5bc28d39764faa76332dd0b20882cfa,
data/thick_smears/Thick_Uninfected/Image1694.jpg,Image1694.jpg,uninfected,0,thick,thick_baseline,3840,2160,RGB,JPEG,0.8785,True,b21d5d425b5924715ec7e1c208979d2a,
data/thick_smears/Thick_Uninfected/Image1618.jpg,Image1618.jpg,uninfected,0,thick,thick_baseline,3840,2160,RGB,JPEG,0.922,True,f55c500dab870da62561e6ccc77e56ed,
data/thick_smears/Thick_Uninfected/Image1679.jpg,Image1679.jpg,uninfected,0,thick,thick_baseline,3840,2160,RGB,JPEG,0.8648,True,3cee33f210b899f10bcbfad13b30edda,
data/thick_smears/Thick_Infected/Image48.jpg,Image48.jpg,infected,1,thick,thick_baseline,3840,2160,RGB,JPEG,0.612,True,2ec87988d09edd7273fbaacf107f29ef,
data/thick_smears/Thick_Infected/Image826.jpg,Image826.jpg,infected,1,thick,thick_baseline,3840,2160,RGB,JPEG,0.76,True,8057c3e7d8a951262e9c72b7ac315453,
data/thick_smears/Thick_Infected/Image377.jpg,Image377.jpg,infected,1,thick,thick_baseline,3840,2160,RGB,JPEG,0.6942,True,9cabf159dbe1063c426ea2811341e157,
data/thick_smears/Thick_Uninfected/Image1664.jpg,Image1664.jpg,uninfected,0,thick,thick_baseline,3840,2160,RGB,JPEG,0.8207,True,45f8702f4009e02eb4535f0a1fee433f,
data/thick_smears/Thick_Uninfected/Image1249.jpg,Image1249.jpg,uninfected,0,thick,thick_baseline,3840,2160,RGB,JPEG,0.4146,True,02c30b2f0bef38303533f4ff5217cff6,
data/thick_smears/Thick_Uninfected/Image1795.jpg,Image1795.jpg,uninfected,0,thick,thick_baseline,3840,2160,RGB,JPEG,0.9166,True,36b661d6a3bff72d667416e87348f302,
data/thick_smears/Thick_Infected/Image186.jpg,Image186.jpg,infected,1,thick,thick_baseline,3840,2160,RGB,JPEG,0.5426,True,5bf710b4bf228b756e0787136d0b087d,
data/thick_smears/Thick_Uninfected/Image1280.jpg,Image1280.jpg,uninfected,0,thick,thick_baseline,3840,2160,RGB,JPEG,0.4006,True,0d62cf720891d71ee66b58eb7d22d57d,
data/thick_smears/Thick_Infected/Image444.jpg,Image444.jpg,infected,1,thick,thick_baseline,3840,2160,RGB,JPEG,0.6205,True,50da241e147e412c046ab90478a425ca,
data/thick_smears/Thick_Infected/Image70.jpg,Image70.jpg,infected,1,thick,thick_baseline,3840,2160,RGB,JPEG,0.4789,True,8c1f142edc96fa55013b460494647dbc,
data/thick_smears/Thick_Uninfected/Image2159.jpg,Image2159.jpg,uninfected,0,thick,thick_baseline,1640,922,RGBA,PNG,1.7569,True,b2261e2b03abf59cc173976f3abb7a36,
data/thick_smears/Thick_Uninfected/Image1812.jpg,Image1812.jpg,uninfected,0,thick,thick_baseline,3840,2160,RGB,JPEG,0.9325,True,eea6609b41ca974c925059f0ba61f34b,
data/thick_smears/Thick_Uninfected/Image1968.jpg,Image1968.jpg,uninfected,0,thick,thick_baseline,3840,2160,RGB,JPEG,0.8709,True,777cb41de5793a0f07551bc3310bed73,
data/thick_smears/Thick_Infected/Image290.jpg,Image290.jpg,infected,1,thick,thick_baseline,3840,2160,RGB,JPEG,0.6665,True,d6b899f39a072717248e02b4dab94dab,
data/thick_smears/Thick_Uninfected/Image1520.jpg,Image1520.jpg,uninfected,0,thick,thick_baseline,3840,2160,RGB,JPEG,1.0282,True,680e88153d8858c7a6050996918c7846,
data/thick_smears/Thick_Infected/Image504.jpg,Image504.jpg,infected,1,thick,thick_baseline,3840,2160,RGB,JPEG,0.5968,True,b7cf10528d988cff273c105c814557fa,
data/thick_smears/Thick_Uninfected/Image1761.jpg,Image1761.jpg,uninfected,0,thick,thick_baseline,3840,2160,RGB,JPEG,0.8907,True,e1cc48778714dbfdef850ba7ad05351a,
data/thick_smears/Thick_Infected/Image87.jpg,Image87.jpg,infected,1,thick,thick_baseline,3840,2160,RGB,JPEG,0.465,True,a9f7ad9eb1f822c3a097e8b5d018d9b1,
data/thick_smears/Thick_Infected/Image560.jpg,Image560.jpg,infected,1,thick,thick_baseline,3840,2160,RGB,JPEG,0.6213,True,98b09a4adf70d76d48b35aa4bce318dc,
data/thick_smears/Thick_Uninfected/Image1699.jpg,Image1699.jpg,uninfected,0,thick,thick_baseline,3840,2160,RGB,JPEG,0.8908,True,2b370ae73f91920a942cf827129f3062,
data/thick_smears/Thick_Infected/Image368.jpg,Image368.jpg,infected,1,thick,thick_baseline,3840,2160,RGB,JPEG,0.6651,True,655ef2c453d74c6261499b795efa2f59,
data/thick_smears/Thick_Uninfected/Image1487.jpg,Image1487.jpg,uninfected,0,thick,thick_baseline,3840,2160,RGB,JPEG,0.9055,True,949e7d073b5d6f1cf6b898d2f4d1ad8c,
data/thick_smears/Thick_Uninfected/Image1142.jpg,Image1142.jpg,uninfected,0,thick,thick_baseline,3840,2160,RGB,JPEG,0.3543,True,551bb1899ef7e293473e7a604c5c49fe,
data/thick_smears/Thick_Infected/Image322.jpg,Image322.jpg,infected,1,thick,thick_baseline,3840,2160,RGB,JPEG,0.5245,True,062b4381f6a3d63b1601d06227e91cec,
data/thick_smears/Thick_Uninfected/Image2209.jpg,Image2209.jpg,uninfected,0,thick,thick_baseline,1640,922,RGBA,PNG,1.7226,True,229b351a034dca62733239ec738c33ff,
data/thick_smears/Thick_Infected/Image1028.jpg,Image1028.jpg,infected,1,thick,thick_baseline,3840,2160,RGB,JPEG,0.6254,True,f2710959ddbd6e6ddb24e5e7fb9e2717,
data/thick_smears/Thick_Infected/Image27.jpg,Image27.jpg,infected,1,thick,thick_baseline,3840,2160,RGB,JPEG,0.6244,True,21b07bcd98b34460e4574bce3df10746,
data/thick_smears/Thick_Infected/Image461.jpg,Image461.jpg,infected,1,thick,thick_baseline,3840,2160,RGB,JPEG,0.6649,True,1d440d154ad8b0bd037aa10bd285811e,
data/thick_smears/Thick_Infected/Image224.jpg,Image224.jpg,infected,1,thick,thick_baseline,3840,2160,RGB,JPEG,0.5247,True,532bdbbe2f7a97b3ce1640f42e6def69,
data/thick_smears/Thick_Uninfected/Image1933.jpg,Image1933.jpg,uninfected,0,thick,thick_baseline,3840,2160,RGB,JPEG,0.8541,True,646c2ef53f89ded200106629d2a6041f,
data/thick_smears/Thick_Uninfected/Image31243.jpg,Image31243.jpg,uninfected,0,thick,thick_baseline,3840,2160,RGB,JPEG,0.9487,True,cd4151f972e4392d90db3c1f4482f807,
data/thick_smears/Thick_Infected/Image651.jpg,Image651.jpg,infected,1,thick,thick_baseline,3840,2160,RGB,JPEG,0.6904,True,46cfd70651a1d915bcf837f23a2df246,
data/thick_smears/Thick_Uninfected/Image1881.jpg,Image1881.jpg,uninfected,0,thick,thick_baseline,3840,2160,RGB,JPEG,0.8659,True,5b9783ba497261928e8cd6954d951486,
data/thick_smears/Thick_Infected/Image577.jpg,Image577.jpg,infected,1,thick,thick_baseline,3840,2160,RGB,JPEG,0.6346,True,f5cb7fc40d01aabf62ac3eb0c22fca0a,
data/thick_smears/Thick_Uninfected/Image1551.jpg,Image1551.jpg,uninfected,0,thick,thick_baseline,3840,2160,RGB,JPEG,0.9719,True,5672462d8415040bdeeb0f77794fa1e1,
data/thick_smears/Thick_Uninfected/Image1572.jpg,Image1572.jpg,uninfected,0,thick,thick_baseline,3840,2160,RGB,JPEG,0.9017,True,4401aba0390e034e2aa5310318b65217,
data/thick_smears/Thick_Uninfected/Image1792.jpg,Image1792.jpg,uninfected,0,thick,thick_baseline,3840,2160,RGB,JPEG,0.8557,True,8d3b322722214d049d82248e94e7b6d5,
data/thick_smears/Thick_Infected/Image876.jpg,Image876.jpg,infected,1,thick,thick_baseline,3840,2160,RGB,JPEG,0.7146,True,2e54d500c7e5d382d6c4a75c49091346,
data/thick_smears/Thick_Uninfected/Image2046.jpg,Image2046.jpg,uninfected,0,thick,thick_baseline,3840,2160,RGB,JPEG,0.8788,True,96216c33d04b785f9615a207b419fa07,
data/thick_smears/Thick_Uninfected/Image1209.jpg,Image1209.jpg,uninfected,0,thick,thick_baseline,3840,2160,RGB,JPEG,0.3816,True,48f5b6b73154bfcc105b515f5f99c3f7,
data/thick_smears/Thick_Infected/Image852.jpg,Image852.jpg,infected,1,thick,thick_baseline,3840,2160,RGB,JPEG,0.7676,True,0afb93e8c979d8f2b3d62bc68c36e745,
data/thick_smears/Thick_Uninfected/Image1777.jpg,Image1777.jpg,uninfected,0,thick,thick_baseline,3840,2160,RGB,JPEG,1.0115,True,d56e7e8fd68933c6cd486d8ad6ed0242,
data/thick_smears/Thick_Uninfected/Image2202.jpg,Image2202.jpg,uninfected,0,thick,thick_baseline,1640,922,RGBA,PNG,1.5438,True,1219dc3317d378afb37ae0a152bacf30,
data/thick_smears/Thick_Uninfected/Image1693.jpg,Image1693.jpg,uninfected,0,thick,thick_baseline,3840,2160,RGB,JPEG,0.9086,True,4de4bcf00a12b4086a1597b00dfe190f,
data/thick_smears/Thick_Uninfected/Image1891.jpg,Image1891.jpg,uninfected,0,thick,thick_baseline,3840,2160,RGB,JPEG,0.8395,True,912b11b2154228b1b4b6a3f97390e6e1,
data/thick_smears/Thick_Infected/Image856.jpg,Image856.jpg,infected,1,thick,thick_baseline,3840,2160,RGB,JPEG,0.864,True,96c41870520ffbdb787deb05e5b5415b,
data/thick_smears/Thick_Infected/Image1066.jpg,Image1066.jpg,infected,1,thick,thick_baseline,1640,922,RGBA,PNG,1.8609,True,7a9d276bc58a44b1e76bc85a15b3ca32,
data/thick_smears/Thick_Infected/Image286.jpg,Image286.jpg,infected,1,thick,thick_baseline,3840,2160,RGB,JPEG,0.7326,True,746d7957bd03912845bfec9d70c3a27a,
data/thick_smears/Thick_Uninfected/Image1772.jpg,Image1772.jpg,uninfected,0,thick,thick_baseline,3840,2160,RGB,JPEG,0.9344,True,3336a3554e4ffbc3ce5682dd84aea2b5,
data/thick_smears/Thick_Infected/Image1121.jpg,Image1121.jpg,infected,1,thick,thick_baseline,1640,922,RGBA,PNG,1.6722,True,910485cd0594faa3a3ab657eae561720,
data/thick_smears/Thick_Infected/Image847.jpg,Image847.jpg,infected,1,thick,thick_baseline,3840,2160,RGB,JPEG,0.7611,True,4414e9b0f4f1b936e8e170d235b2318b,
data/thick_smears/Thick_Infected/Image521.jpg,Image521.jpg,infected,1,thick,thick_baseline,3840,2160,RGB,JPEG,0.6855,True,c0c6d704b2e44c76b74141ea7b6fd8e6,
data/thick_smears/Thick_Uninfected/Image2135.jpg,Image2135.jpg,uninfected,0,thick,thick_baseline,3840,2160,RGB,JPEG,0.8565,True,1959c66667653bb364d97cc5318e1180,
data/thick_smears/Thick_Uninfected/Image1362.jpg,Image1362.jpg,uninfected,0,thick,thick_baseline,3840,2160,RGB,JPEG,0.9949,True,70ef03b0503ea30342ab67acc4650e45,
data/thick_smears/Thick_Infected/Image512.jpg,Image512.jpg,infected,1,thick,thick_baseline,3840,2160,RGB,JPEG,0.7417,True,40752ea1dd4ab98901a90e1ffff2b256,
data/thick_smears/Thick_Infected/Image960.jpg,Image960.jpg,infected,1,thick,thick_baseline,3840,2160,RGB,JPEG,0.6218,True,c61e26249115f57e551577d2dac2c05c,
data/thick_smears/Thick_Infected/Image1087.jpg,Image1087.jpg,infected,1,thick,thick_baseline,1640,922,RGBA,PNG,1.618,True,9b871093b4a80db983194cfad5dbe581,
data/thick_smears/Thick_Infected/Image675.jpg,Image675.jpg,infected,1,thick,thick_baseline,3840,2160,RGB,JPEG,0.5883,True,02605d115d80732d75ca68df5e27b88d,
data/thick_smears/Thick_Uninfected/Image1876.jpg,Image1876.jpg,uninfected,0,thick,thick_baseline,3840,2160,RGB,JPEG,0.7994,True,a14db9b2a57cb4bc8a0d1e1075b24916,
data/thick_smears/Thick_Infected/Image445.jpg,Image445.jpg,infected,1,thick,thick_baseline,3840,2160,RGB,JPEG,0.6734,True,0435f2f45f37201c6e363e3bb81ef716,
data/thick_smears/Thick_Infected/Image402.jpg,Image402.jpg,infected,1,thick,thick_baseline,3840,2160,RGB,JPEG,0.6392,True,007ff9ba2282a8dc504965089e7e6fe7,
data/thick_smears/Thick_Uninfected/Image1325.jpg,Image1325.jpg,uninfected,0,thick,thick_baseline,3840,2160,RGB,JPEG,0.4971,True,629d2359aa26cbd1cd26f609d0793b4f,
data/thick_smears/Thick_Uninfected/Image1835.jpg,Image1835.jpg,uninfected,0,thick,thick_baseline,3840,2160,RGB,JPEG,0.9109,True,48c75b6095f0c1b4fb350443d91d9616,
data/thick_smears/Thick_Uninfected/Image1870.jpg,Image1870.jpg,uninfected,0,thick,thick_baseline,3840,2160,RGB,JPEG,0.9697,True,66a319793d089e8aaae3fa7dae6b3caa,
data/thick_smears/Thick_Infected/Image700.jpg,Image700.jpg,infected,1,thick,thick_baseline,3840,2160,RGB,JPEG,0.6443,True,0fd96692c3ad49664c3309a3078054b0,
data/thick_smears/Thick_Uninfected/Image2073.jpg,Image2073.jpg,uninfected,0,thick,thick_baseline,3840,2160,RGB,JPEG,0.9142,True,2b3b12e92a4928e1c661bcb94b33412b,
data/thick_smears/Thick_Uninfected/Image1234.jpg,Image1234.jpg,uninfected,0,thick,thick_baseline,3840,2160,RGB,JPEG,0.4863,True,0e57ae9af5900fa9cdd6382414990d82,
data/thick_smears/Thick_Infected/Image1109.jpg,Image1109.jpg,infected,1,thick,thick_baseline,1640,922,RGBA,PNG,1.6958,True,38d1c0e6f03bb35f8e07d8535df9900b,
data/thick_smears/Thick_Infected/Image571.jpg,Image571.jpg,infected,1,thick,thick_baseline,3840,2160,RGB,JPEG,0.5907,True,a80d2a1502e098b048a32d6ccd8f7ab6,
data/thick_smears/Thick_Uninfected/Image1446.jpg,Image1446.jpg,uninfected,0,thick,thick_baseline,3840,2160,RGB,JPEG,0.8498,True,8cb6499d24ff137ded7444bc9d4165bc,
data/thick_smears/Thick_Uninfected/Image2055.jpg,Image2055.jpg,uninfected,0,thick,thick_baseline,3840,2160,RGB,JPEG,0.8796,True,3c64575dd4f11cadc839ee76e51568b4,
data/thick_smears/Thick_Infected/Image779.jpg,Image779.jpg,infected,1,thick,thick_baseline,3840,2160,RGB,JPEG,0.5725,True,50bf0c625dcaad1233f1560d7802510e,
data/thick_smears/Thick_Infected/Image1043.jpg,Image1043.jpg,infected,1,thick,thick_baseline,3840,2160,RGB,JPEG,0.5716,True,6ff37a0a3199bac301728f32af15d3f0,
data/thick_smears/Thick_Infected/Image862.jpg,Image862.jpg,infected,1,thick,thick_baseline,3840,2160,RGB,JPEG,0.7179,True,6b8aa51f41bffe44ac9cde258457a540,
data/thick_smears/Thick_Uninfected/Image1964.jpg,Image1964.jpg,uninfected,0,thick,thick_baseline,3840,2160,RGB,JPEG,0.8776,True,cde87a056183ea405066c5da9215c69a,
data/thick_smears/Thick_Infected/Image831.jpg,Image831.jpg,infected,1,thick,thick_baseline,3840,2160,RGB,JPEG,0.7573,True,7b7da25454b65d1695740d13ac6ef1b0,
data/thick_smears/Thick_Uninfected/Image1538.jpg,Image1538.jpg,uninfected,0,thick,thick_baseline,3840,2160,RGB,JPEG,0.7366,True,af877796882960ef3feeefcc5150ffa1,
data/thick_smears/Thick_Uninfected/Image1904.jpg,Image1904.jpg,uninfected,0,thick,thick_baseline,3840,2160,RGB,JPEG,0.9404,True,42809c4c628cad28c73468a3da5199e1,
data/thick_smears/Thick_Uninfected/Image1236.jpg,Image1236.jpg,uninfected,0,thick,thick_baseline,3840,2160,RGB,JPEG,0.3878,True,d93078ebabc17da02f26f1e225966d47,
data/thick_smears/Thick_Uninfected/Image1916.jpg,Image1916.jpg,uninfected,0,thick,thick_baseline,3840,2160,RGB,JPEG,0.8821,True,627076b55feded0d5b81a919d549b539,
data/thick_smears/Thick_Uninfected/Image1989.jpg,Image1989.jpg,uninfected,0,thick,thick_baseline,3840,2160,RGB,JPEG,0.968,True,83c1b89cc823b4135d4dedacfc3faddb,
data/thick_smears/Thick_Uninfected/Image1791.jpg,Image1791.jpg,uninfected,0,thick,thick_baseline,3840,2160,RGB,JPEG,0.8499,True,9ebfd4cc6106e71e91ed7d1ff923f717,
data/thick_smears/Thick_Infected/Image782.jpg,Image782.jpg,infected,1,thick,thick_baseline,3840,2160,RGB,JPEG,0.684,True,b1e14176a6053087f5b5fdb5a805b1e2,
data/thick_smears/Thick_Uninfected/Image1526.jpg,Image1526.jpg,uninfected,0,thick,thick_baseline,3840,2160,RGB,JPEG,0.8673,True,305de641dcf8e813546246e9be05fd3e,
data/thick_smears/Thick_Infected/Image383.jpg,Image383.jpg,infected,1,thick,thick_baseline,3840,2160,RGB,JPEG,0.6589,True,0816fb94168eae74936f7c9f2f62169c,
data/thick_smears/Thick_Infected/Image155.jpg,Image155.jpg,infected,1,thick,thick_baseline,3840,2160,RGB,JPEG,0.5284,True,3f4db6b3a6e32570f191ad2b320f1f13,
data/thick_smears/Thick_Uninfected/Image1939.jpg,Image1939.jpg,uninfected,0,thick,thick_baseline,3840,2160,RGB,JPEG,0.8959,True,554a4d81715d932841b1cf43f3782fdb,
data/thick_smears/Thick_Infected/Image495.jpg,Image495.jpg,infected,1,thick,thick_baseline,3840,2160,RGB,JPEG,0.5939,True,9cbf297d027daa24a4902586c2b257f5,
data/thick_smears/Thick_Infected/Image43.jpg,Image43.jpg,infected,1,thick,thick_baseline,3840,2160,RGB,JPEG,0.6277,True,c20770a37bd618922005494b11dfdc85,
data/thick_smears/Thick_Infected/Image93.jpg,Image93.jpg,infected,1,thick,thick_baseline,3840,2160,RGB,JPEG,0.3565,True,efb2a17a379d5b064baabfb8e5ff9692,
data/thick_smears/Thick_Infected/Image818.jpg,Image818.jpg,infected,1,thick,thick_baseline,3840,2160,RGB,JPEG,0.7367,True,635f5bfe38d90fa828f10a827a3eaa92,
data/thick_smears/Thick_Uninfected/Image1397.jpg,Image1397.jpg,uninfected,0,thick,thick_baseline,3840,2160,RGB,JPEG,0.9541,True,b7b8810cbf9ce1357bf4e3f066cf8dc4,
data/thick_smears/Thick_Uninfected/Image1511.jpg,Image1511.jpg,uninfected,0,thick,thick_baseline,3840,2160,RGB,JPEG,0.8325,True,602d9c2782968e5ca6004724f6bb8700,
data/thick_smears/Thick_Uninfected/Image1470.jpg,Image1470.jpg,uninfected,0,thick,thick_baseline,3840,2160,RGB,JPEG,0.9106,True,92e480186d8fa49c235e49dcb825a0e4,
data/thick_smears/Thick_Infected/Image731.jpg,Image731.jpg,infected,1,thick,thick_baseline,3840,2160,RGB,JPEG,0.5853,True,67c20573d9803957aa608604734ec9b4,
data/thick_smears/Thick_Uninfected/Image1447.jpg,Image1447.jpg,uninfected,0,thick,thick_baseline,3840,2160,RGB,JPEG,0.8687,True,c9e55390a65a82bab492f161113c55e8,
data/thick_smears/Thick_Uninfected/Image1956.jpg,Image1956.jpg,uninfected,0,thick,thick_baseline,3840,2160,RGB,JPEG,0.9379,True,0d37c905221d68f1dc7b0089d2cf8a71,
data/thick_smears/Thick_Infected/Image245.jpg,Image245.jpg,infected,1,thick,thick_baseline,3840,2160,RGB,JPEG,0.7121,True,9934a3dd44f9eed41a20f49998d3b142,
data/thick_smears/Thick_Infected/Image853.jpg,Image853.jpg,infected,1,thick,thick_baseline,3840,2160,RGB,JPEG,0.7464,True,e52ec16f8d3ce15f6781f40ed8ca634f,
data/thick_smears/Thick_Infected/Image57.jpg,Image57.jpg,infected,1,thick,thick_baseline,3840,2160,RGB,JPEG,0.4426,True,54bfc09b051076c02b251424321d8f9e,
data/thick_smears/Thick_Infected/Image120.jpg,Image120.jpg,infected,1,thick,thick_baseline,3840,2160,RGB,JPEG,0.4276,True,572d0101bca949759b48e5498304b138,
data/thick_smears/Thick_Uninfected/Image1202.jpg,Image1202.jpg,uninfected,0,thick,thick_baseline,3840,2160,RGB,JPEG,0.4059,True,a1c0bcc50311f85a9808e9fd361df973,
data/thick_smears/Thick_Infected/Image382.jpg,Image382.jpg,infected,1,thick,thick_baseline,3840,2160,RGB,JPEG,0.6366,True,6c90e7248f06cf630023b7824604149d,
data/thick_smears/Thick_Uninfected/Image1533.jpg,Image1533.jpg,uninfected,0,thick,thick_baseline,3840,2160,RGB,JPEG,0.7613,True,390f509cac47279e0761b7b6e4a8c318,
data/thick_smears/Thick_Infected/Image796.jpg,Image796.jpg,infected,1,thick,thick_baseline,3840,2160,RGB,JPEG,0.5271,True,6de87ea11c1404e0272d8b8279624ff2,
data/thick_smears/Thick_Infected/Image653.jpg,Image653.jpg,infected,1,thick,thick_baseline,3840,2160,RGB,JPEG,0.5762,True,31abb9ed84bffc437a5ad7323cff4c39,
data/thick_smears/Thick_Uninfected/Image1763.jpg,Image1763.jpg,uninfected,0,thick,thick_baseline,3840,2160,RGB,JPEG,0.9418,True,17faddbad4408c67749e13389f6ea5e7,
data/thick_smears/Thick_Infected/Image1010.jpg,Image1010.jpg,infected,1,thick,thick_baseline,3840,2160,RGB,JPEG,0.6658,True,a060d5dec6c3276dd2650751c66d5e76,
data/thick_smears/Thick_Uninfected/Image1414.jpg,Image1414.jpg,uninfected,0,thick,thick_baseline,3840,2160,RGB,JPEG,0.8958,True,aa1ec81c329523816431b3e080121aff,
data/thick_smears/Thick_Infected/Image1055.jpg,Image1055.jpg,infected,1,thick,thick_baseline,3840,2160,RGB,JPEG,0.634,True,7507e9b95c856a18839c55b6e7623ece,
data/thick_smears/Thick_Infected/Image1105.jpg,Image1105.jpg,infected,1,thick,thick_baseline,1640,922,RGBA,PNG,1.7212,True,dd8c43b14db0744cf5243439ea235757,
data/thick_smears/Thick_Uninfected/Image1637.jpg,Image1637.jpg,uninfected,0,thick,thick_baseline,3840,2160,RGB,JPEG,1.0102,True,e9f4e417577217374f7e8db3cbb912a9,
data/thick_smears/Thick_Infected/Image1035.jpg,Image1035.jpg,infected,1,thick,thick_baseline,3840,2160,RGB,JPEG,0.726,True,2fc7b089e793e4df2c4c8cfe6fb17b1a,
data/thick_smears/Thick_Uninfected/Image1518.jpg,Image1518.jpg,uninfected,0,thick,thick_baseline,3840,2160,RGB,JPEG,1.0194,True,75b83f7bdeafbf7942a7e92ef19c4acd,
data/thick_smears/Thick_Infected/Image699.jpg,Image699.jpg,infected,1,thick,thick_baseline,3840,2160,RGB,JPEG,0.686,True,ae5ece351ab2e343f5feb19b898d2a74,
data/thick_smears/Thick_Infected/Image846.jpg,Image846.jpg,infected,1,thick,thick_baseline,3840,2160,RGB,JPEG,0.88,True,324dc8e31bde84823fbb0f0fac7883b0,
data/thick_smears/Thick_Uninfected/Image1957.jpg,Image1957.jpg,uninfected,0,thick,thick_baseline,3840,2160,RGB,JPEG,0.8721,True,7d81c25a8be6c45e75a3073b6cea2905,
data/thick_smears/Thick_Uninfected/Image1992.jpg,Image1992.jpg,uninfected,0,thick,thick_baseline,3840,2160,RGB,JPEG,1.0648,True,ba6d2a0cbd51dbd5d7a8768c80244730,
data/thick_smears/Thick_Uninfected/Image1514.jpg,Image1514.jpg,uninfected,0,thick,thick_baseline,3840,2160,RGB,JPEG,0.9795,True,eb02ba55e364b9997d8de0e381a584ea,
data/thick_smears/Thick_Infected/Image289.jpg,Image289.jpg,infected,1,thick,thick_baseline,3840,2160,RGB,JPEG,0.6178,True,4606dd714f996da2de82f4bd9dfe5f82,
data/thick_smears/Thick_Uninfected/Image1537.jpg,Image1537.jpg,uninfected,0,thick,thick_baseline,3840,2160,RGB,JPEG,0.7038,True,b7adf0affcd0726e156a865f3961c10d,
data/thick_smears/Thick_Infected/Image714.jpg,Image714.jpg,infected,1,thick,thick_baseline,3840,2160,RGB,JPEG,0.58,True,927a30ed444265a8d9ee718f13a4a5cc,
data/thick_smears/Thick_Uninfected/Image2027.jpg,Image2027.jpg,uninfected,0,thick,thick_baseline,3840,2160,RGB,JPEG,0.8551,True,fc9acd287a72dfff1ef63028ac458d7b,
data/thick_smears/Thick_Infected/Image178.jpg,Image178.jpg,infected,1,thick,thick_baseline,3840,2160,RGB,JPEG,0.5662,True,b7d9d54ef5f02634e0fc66f12130ac05,
data/thick_smears/Thick_Infected/Image807.jpg,Image807.jpg,infected,1,thick,thick_baseline,3840,2160,RGB,JPEG,0.8982,True,d347de3d465aa967e723171952c5301b,
data/thick_smears/Thick_Uninfected/Image1828.jpg,Image1828.jpg,uninfected,0,thick,thick_baseline,3840,2160,RGB,JPEG,0.9509,True,05038572f04498133d80443003d57b3b,
data/thick_smears/Thick_Infected/Image346.jpg,Image346.jpg,infected,1,thick,thick_baseline,3840,2160,RGB,JPEG,0.6886,True,e509cbb3f5c9968ea584cdef1b09e239,
data/thick_smears/Thick_Infected/Image396.jpg,Image396.jpg,infected,1,thick,thick_baseline,3840,2160,RGB,JPEG,0.643,True,4805d30c240ccfa61d5693e040a0bcbf,
data/thick_smears/Thick_Infected/Image105.jpg,Image105.jpg,infected,1,thick,thick_baseline,3840,2160,RGB,JPEG,0.6184,True,57bea32b5e041948b1b9db8f6d99de1e,
data/thick_smears/Thick_Infected/Image1095.jpg,Image1095.jpg,infected,1,thick,thick_baseline,1640,922,RGBA,PNG,1.8455,True,6f245707c21f232372307aca6af428a1,
data/thick_smears/Thick_Infected/Image1120.jpg,Image1120.jpg,infected,1,thick,thick_baseline,1640,922,RGBA,PNG,1.6352,True,5f4fb7566d376f9f3f3cb8f33fe20d18,
data/thick_smears/Thick_Infected/Image928.jpg,Image928.jpg,infected,1,thick,thick_baseline,3840,2160,RGB,JPEG,0.721,True,5df94e77f64bc5f566adc6ce9c5aa329,
data/thick_smears/Thick_Infected/Image501.jpg,Image501.jpg,infected,1,thick,thick_baseline,3840,2160,RGB,JPEG,0.6367,True,fae53263ab848bb02b09b7224305912b,
data/thick_smears/Thick_Infected/Image971.jpg,Image971.jpg,infected,1,thick,thick_baseline,3840,2160,RGB,JPEG,0.5878,True,aa25fec77ee86569890456a71204d86a,
data/thick_smears/Thick_Uninfected/Image2071.jpg,Image2071.jpg,uninfected,0,thick,thick_baseline,3840,2160,RGB,JPEG,0.8247,True,88914edeb4c0fb44d511fc0b7f748726,
data/thick_smears/Thick_Infected/Image793.jpg,Image793.jpg,infected,1,thick,thick_baseline,3840,2160,RGB,JPEG,0.6177,True,c87129dc353aac65d0b5507c63d2528d,
data/thick_smears/Thick_Infected/Image946.jpg,Image946.jpg,infected,1,thick,thick_baseline,3840,2160,RGB,JPEG,0.6604,True,b6ce2b85995fa2833e964ef47e56e0fd,
data/thick_smears/Thick_Uninfected/Image1741.jpg,Image1741.jpg,uninfected,0,thick,thick_baseline,3840,2160,RGB,JPEG,0.9444,True,f758b0dacdd28cd22eaa81486027dacd,
data/thick_smears/Thick_Infected/Image1033.jpg,Image1033.jpg,infected,1,thick,thick_baseline,3840,2160,RGB,JPEG,0.6917,True,90a70c34950051b538a3ddd26035be46,
data/thick_smears/Thick_Infected/Image229.jpg,Image229.jpg,infected,1,thick,thick_baseline,3840,2160,RGB,JPEG,0.531,True,405f9a8154bc58aa383e88652aa91fc6,
data/thick_smears/Thick_Uninfected/Image1534.jpg,Image1534.jpg,uninfected,0,thick,thick_baseline,3840,2160,RGB,JPEG,0.7053,True,4b7eb796541b2686d77105d25cfe4c69,
data/thick_smears/Thick_Uninfected/Image1682.jpg,Image1682.jpg,uninfected,0,thick,thick_baseline,3840,2160,RGB,JPEG,0.8286,True,c3361f34b60655807113c7881ea4ea7a,
data/thick_smears/Thick_Infected/Image561.jpg,Image561.jpg,infected,1,thick,thick_baseline,3840,2160,RGB,JPEG,0.6162,True,51b8d128f94c19f5af259a25a10d9393,
data/thick_smears/Thick_Uninfected/Image1687.jpg,Image1687.jpg,uninfected,0,thick,thick_baseline,3840,2160,RGB,JPEG,0.9235,True,b70169f5840fcb96174d3d441988f0a8,
data/thick_smears/Thick_Uninfected/Image1548.jpg,Image1548.jpg,uninfected,0,thick,thick_baseline,3840,2160,RGB,JPEG,0.9452,True,a0aa33f0ba503a67898c29184a66c6ea,
data/thick_smears/Thick_Uninfected/Image1831.jpg,Image1831.jpg,uninfected,0,thick,thick_baseline,3840,2160,RGB,JPEG,0.8776,True,85aa62a1e46a1d0f522bfcf641cbdaa8,
data/thick_smears/Thick_Uninfected/Image1182.jpg,Image1182.jpg,uninfected,0,thick,thick_baseline,3840,2160,RGB,JPEG,0.3526,True,1aaf8efe6084e51e516193ac07757550,
data/thick_smears/Thick_Uninfected/Image1700.jpg,Image1700.jpg,uninfected,0,thick,thick_baseline,3840,2160,RGB,JPEG,0.8586,True,396f35bb29043513b11095ef56015420,
data/thick_smears/Thick_Infected/Image49.jpg,Image49.jpg,infected,1,thick,thick_baseline,3840,2160,RGB,JPEG,0.6564,True,a5ba82bb2953c10e9c6176751e73de90,
data/thick_smears/Thick_Uninfected/Image2064.jpg,Image2064.jpg,uninfected,0,thick,thick_baseline,3840,2160,RGB,JPEG,0.8329,True,2386dfa185120e405647307b91fd1762,
data/thick_smears/Thick_Uninfected/Image1684.jpg,Image1684.jpg,uninfected,0,thick,thick_baseline,3840,2160,RGB,JPEG,0.9024,True,31c26e7531c3b71c6170a62bfd6dbbaa,
data/thick_smears/Thick_Uninfected/Image1663.jpg,Image1663.jpg,uninfected,0,thick,thick_baseline,3840,2160,RGB,JPEG,0.9561,True,5c35b8a46a5a48afe1ba21b4b0877969,
data/thick_smears/Thick_Uninfected/Image2006.jpg,Image2006.jpg,uninfected,0,thick,thick_baseline,3840,2160,RGB,JPEG,0.9274,True,d5f1b0253e48f271fe2b8610a47e38bc,
data/thick_smears/Thick_Uninfected/Image1931.jpg,Image1931.jpg,uninfected,0,thick,thick_baseline,3840,2160,RGB,JPEG,0.8832,True,422e27ef3e4d39b81ce692bfe6ed0940,
data/thick_smears/Thick_Uninfected/Image1391.jpg,Image1391.jpg,uninfected,0,thick,thick_baseline,3840,2160,RGB,JPEG,0.9412,True,f54284356264630af136897b0e63d7af,
data/thick_smears/Thick_Uninfected/Image1410.jpg,Image1410.jpg,uninfected,0,thick,thick_baseline,3840,2160,RGB,JPEG,1.0344,True,3330888b1ba5e07011f9730955a626f6,
data/thick_smears/Thick_Infected/Image317.jpg,Image317.jpg,infected,1,thick,thick_baseline,3840,2160,RGB,JPEG,1.1623,True,91e57a10a9ece4f555a2ac9123e927f7,
data/thick_smears/Thick_Uninfected/Image1652.jpg,Image1652.jpg,uninfected,0,thick,thick_baseline,3840,2160,RGB,JPEG,0.9721,True,90981a39e2c7d51272af5a76f5ba0d24,
data/thick_smears/Thick_Infected/Image261.jpg,Image261.jpg,infected,1,thick,thick_baseline,3840,2160,RGB,JPEG,0.662,True,363d68fc505b2071bd47d69c5c3944c9,
data/thick_smears/Thick_Uninfected/Image1360.jpg,Image1360.jpg,uninfected,0,thick,thick_baseline,3840,2160,RGB,JPEG,0.9815,True,442646bc5b6a6ed852fabaa7f4c02c93,
data/thick_smears/Thick_Uninfected/Image2092.jpg,Image2092.jpg,uninfected,0,thick,thick_baseline,3840,2160,RGB,JPEG,0.9319,True,e8fceccfe90597ef26545c280ef8cb47,
data/thick_smears/Thick_Uninfected/Image1529.jpg,Image1529.jpg,uninfected,0,thick,thick_baseline,3840,2160,RGB,JPEG,0.8867,True,00e713f2170aabc459e4e3f4094c2bda,
data/thick_smears/Thick_Infected/Image225.jpg,Image225.jpg,infected,1,thick,thick_baseline,3840,2160,RGB,JPEG,0.4971,True,f26e4162cc5f083ac12b30b5f624f2cd,
data/thick_smears/Thick_Infected/Image824.jpg,Image824.jpg,infected,1,thick,thick_baseline,3840,2160,RGB,JPEG,0.8774,True,a208514bfbdb93f92ef0a41eb1e21cf0,
data/thick_smears/Thick_Infected/Image1132.jpg,Image1132.jpg,infected,1,thick,thick_baseline,1640,922,RGBA,PNG,1.8445,True,bae33ea3700df3c0d72b12ed3304ba83,
data/thick_smears/Thick_Infected/Image42.jpg,Image42.jpg,infected,1,thick,thick_baseline,3840,2160,RGB,JPEG,0.6892,True,bf1068b60fec0b3db213f30e6138fdb9,
data/thick_smears/Thick_Uninfected/Image1961.jpg,Image1961.jpg,uninfected,0,thick,thick_baseline,3840,2160,RGB,JPEG,0.863,True,6d1514ca3f669c6233111935f07c3837,
data/thick_smears/Thick_Uninfected/Image1328.jpg,Image1328.jpg,uninfected,0,thick,thick_baseline,3840,2160,RGB,JPEG,0.449,True,841ee8966a19bd2cae9398863cfd03de,
data/thick_smears/Thick_Uninfected/Image1624.jpg,Image1624.jpg,uninfected,0,thick,thick_baseline,3840,2160,RGB,JPEG,0.8973,True,a3c07d61dc8ca2e39cdc921388295988,
data/thick_smears/Thick_Infected/Image214.jpg,Image214.jpg,infected,1,thick,thick_baseline,3840,2160,RGB,JPEG,0.5414,True,0a6af7d0715a51b23d418e933dc78d65,
data/thick_smears/Thick_Infected/Image403.jpg,Image403.jpg,infected,1,thick,thick_baseline,3840,2160,RGB,JPEG,0.5956,True,8d34e297344a6cdae96808ba907a3657,
data/thick_smears/Thick_Uninfected/Image1863.jpg,Image1863.jpg,uninfected,0,thick,thick_baseline,3840,2160,RGB,JPEG,0.9376,True,eeda0695efca977b3aac47ed17da1313,
data/thick_smears/Thick_Infected/Image514.jpg,Image514.jpg,infected,1,thick,thick_baseline,3840,2160,RGB,JPEG,0.7084,True,a8b45933f80f8f908dd14df0fa78db80,
data/thick_smears/Thick_Uninfected/Image1389.jpg,Image1389.jpg,uninfected,0,thick,thick_baseline,3840,2160,RGB,JPEG,0.9214,True,b394518141d3080565d8239befe3bf0f,
data/thick_smears/Thick_Infected/Image282.jpg,Image282.jpg,infected,1,thick,thick_baseline,3840,2160,RGB,JPEG,0.7282,True,3992a0b327308666d417aa550f9429c6,
data/thick_smears/Thick_Uninfected/Image1287.jpg,Image1287.jpg,uninfected,0,thick,thick_baseline,3840,2160,RGB,JPEG,0.4054,True,f66d5e9c4a7fdce00a0a79d0c6037d2a,
data/thick_smears/Thick_Infected/Image369.jpg,Image369.jpg,infected,1,thick,thick_baseline,3840,2160,RGB,JPEG,0.664,True,03ef315dc6be91eafa90c2a14477235c,
data/thick_smears/Thick_Infected/Image841.jpg,Image841.jpg,infected,1,thick,thick_baseline,3840,2160,RGB,JPEG,0.8118,True,bdae3278103f23b62894c9a8981e217a,
data/thick_smears/Thick_Infected/Image597.jpg,Image597.jpg,infected,1,thick,thick_baseline,3840,2160,RGB,JPEG,0.5732,True,2be88f48b01f9662c2ed01561160e744,
data/thick_smears/Thick_Infected/Image1000.jpg,Image1000.jpg,infected,1,thick,thick_baseline,3840,2160,RGB,JPEG,0.676,True,ab9758e89f0bd79454ac771abaed3d96,
data/thick_smears/Thick_Infected/Image813.jpg,Image813.jpg,infected,1,thick,thick_baseline,3840,2160,RGB,JPEG,0.8073,True,06a0ce8ab2a6412dce7bfa4921fed3fb,
data/thick_smears/Thick_Uninfected/Image1889.jpg,Image1889.jpg,uninfected,0,thick,thick_baseline,3840,2160,RGB,JPEG,0.9917,True,5f0b92d80e4f43ae6ce441bec97a5ced,
data/thick_smears/Thick_Infected/Image1082.jpg,Image1082.jpg,infected,1,thick,thick_baseline,1640,922,RGBA,PNG,1.8252,True,045c2da60bd4cf73750f4e429da4051b,
data/thick_smears/Thick_Uninfected/Image1314.jpg,Image1314.jpg,uninfected,0,thick,thick_baseline,3840,2160,RGB,JPEG,0.4438,True,3c410a8e7ada8bddb3d9f121b599aa3b,
data/thick_smears/Thick_Uninfected/Image1560.jpg,Image1560.jpg,uninfected,0,thick,thick_baseline,3840,2160,RGB,JPEG,0.9373,True,9e24e01e8478b62c9d955a80e81a13ca,
data/thick_smears/Thick_Uninfected/Image2016.jpg,Image2016.jpg,uninfected,0,thick,thick_baseline,3840,2160,RGB,JPEG,0.9549,True,64872c33d5b86202b2327102121fbead,
data/thick_smears/Thick_Infected/Image698.jpg,Image698.jpg,infected,1,thick,thick_baseline,3840,2160,RGB,JPEG,0.6557,True,09905f431a55190db514a34349fff9a8,
data/thick_smears/Thick_Infected/Image1016.jpg,Image1016.jpg,infected,1,thick,thick_baseline,3840,2160,RGB,JPEG,0.6666,True,163c8544770c0cb58542fb9f11552762,
data/thick_smears/Thick_Uninfected/Image1327.jpg,Image1327.jpg,uninfected,0,thick,thick_baseline,3840,2160,RGB,JPEG,0.4576,True,22124b7703ee633794c658d796ef5c93,
data/thick_smears/Thick_Infected/Image1029.jpg,Image1029.jpg,infected,1,thick,thick_baseline,3840,2160,RGB,JPEG,0.6512,True,f56005849cc663a3ce0d103334e2210d,
data/thick_smears/Thick_Infected/Image743.jpg,Image743.jpg,infected,1,thick,thick_baseline,3840,2160,RGB,JPEG,0.6595,True,0150ac847d0272653d94ee00fe87c239,
data/thick_smears/Thick_Infected/Image219.jpg,Image219.jpg,infected,1,thick,thick_baseline,3840,2160,RGB,JPEG,0.4447,True,57961c8013dbe9820a249c58035329b4,
data/thick_smears/Thick_Infected/Image30.jpg,Image30.jpg,infected,1,thick,thick_baseline,3840,2160,RGB,JPEG,0.609,True,d2899de62cc06399a5041c70b2534fe5,
data/thick_smears/Thick_Infected/Image06.jpg,Image06.jpg,infected,1,thick,thick_baseline,3840,2160,RGB,JPEG,0.729,True,279af1500095eca356a03ddb3181dcd3,
data/thick_smears/Thick_Uninfected/Image1570.jpg,Image1570.jpg,uninfected,0,thick,thick_baseline,3840,2160,RGB,JPEG,0.8895,True,aa20a0ff36dc56300e0b664a4b0b5cbd,
data/thick_smears/Thick_Infected/Image239.jpg,Image239.jpg,infected,1,thick,thick_baseline,3840,2160,RGB,JPEG,0.7192,True,35ee28e3ed31ef70a8081bab6729b36d,
data/thick_smears/Thick_Uninfected/Image2167.jpg,Image2167.jpg,uninfected,0,thick,thick_baseline,1640,922,RGBA,PNG,1.6576,True,e09e19b2608bd97f6eb24274d6fa044d,
data/thick_smears/Thick_Infected/Image58.jpg,Image58.jpg,infected,1,thick,thick_baseline,3840,2160,RGB,JPEG,0.5293,True,c59a61e60034ad63205155d2364efca9,
data/thick_smears/Thick_Uninfected/Image1566.jpg,Image1566.jpg,uninfected,0,thick,thick_baseline,3840,2160,RGB,JPEG,1.0267,True,9c47d822391140d358da6522d6c38c10,
data/thick_smears/Thick_Uninfected/Image1683.jpg,Image1683.jpg,uninfected,0,thick,thick_baseline,3840,2160,RGB,JPEG,0.9154,True,8466af6c9492d23b63572603cdf8df17,
data/thick_smears/Thick_Infected/Image840.jpg,Image840.jpg,infected,1,thick,thick_baseline,3840,2160,RGB,JPEG,1.0645,True,022ec2d5fad9599b7be426b9d57eba81,
data/thick_smears/Thick_Infected/Image243.jpg,Image243.jpg,infected,1,thick,thick_baseline,3840,2160,RGB,JPEG,0.834,True,6c9bfe66c86ffc469a1b475433f4f402,
data/thick_smears/Thick_Uninfected/Image1464.jpg,Image1464.jpg,uninfected,0,thick,thick_baseline,3840,2160,RGB,JPEG,1.0934,True,2da3f4a68cf58dc8d38f2712650aca34,
data/thick_smears/Thick_Infected/Image157.jpg,Image157.jpg,infected,1,thick,thick_baseline,3840,2160,RGB,JPEG,0.4792,True,785055cd1cf0e9d8b9b50730fefec9ac,
data/thick_smears/Thick_Uninfected/Image1981.jpg,Image1981.jpg,uninfected,0,thick,thick_baseline,3840,2160,RGB,JPEG,0.9535,True,f454d8095f77b81d597e839f2c511b1f,
data/thick_smears/Thick_Infected/Image667.jpg,Image667.jpg,infected,1,thick,thick_baseline,3840,2160,RGB,JPEG,0.7125,True,79c7902ad88e6043c96d1b7dca4694ad,
data/thick_smears/Thick_Uninfected/Image1337.jpg,Image1337.jpg,uninfected,0,thick,thick_baseline,3840,2160,RGB,JPEG,0.4307,True,053578993430f254a61bb9bd73b8518e,
data/thick_smears/Thick_Infected/Image997.jpg,Image997.jpg,infected,1,thick,thick_baseline,3840,2160,RGB,JPEG,0.7076,True,59b0d09d28fea7381d9b2d0ad6b5bf9c,
data/thick_smears/Thick_Uninfected/Image1220.jpg,Image1220.jpg,uninfected,0,thick,thick_baseline,3840,2160,RGB,JPEG,0.3856,True,8151263f393e2c3dd393714178ecf399,
data/thick_smears/Thick_Uninfected/Image1296.jpg,Image1296.jpg,uninfected,0,thick,thick_baseline,3840,2160,RGB,JPEG,0.4217,True,32055cb2e78ec8f3c7b96a1af994c84c,
data/thick_smears/Thick_Uninfected/Image1516.jpg,Image1516.jpg,uninfected,0,thick,thick_baseline,3840,2160,RGB,JPEG,0.9803,True,6f5c275135881825c607bb0f7b19cf79,
data/thick_smears/Thick_Infected/Image886.jpg,Image886.jpg,infected,1,thick,thick_baseline,3840,2160,RGB,JPEG,0.5848,True,9caa5f6feb96d03a44efb1c6ed5b6639,
data/thick_smears/Thick_Infected/Image930.jpg,Image930.jpg,infected,1,thick,thick_baseline,3840,2160,RGB,JPEG,0.6309,True,111deb2a26a067b2ee5ac26454e7b018,
data/thick_smears/Thick_Infected/Image450.jpg,Image450.jpg,infected,1,thick,thick_baseline,3840,2160,RGB,JPEG,0.517,True,b3e9f3a394834b321edab3ad1f08b590,
data/thick_smears/Thick_Infected/Image945.jpg,Image945.jpg,infected,1,thick,thick_baseline,3840,2160,RGB,JPEG,0.8905,True,4956978c90ae90df305d64c0fc37e6a7,
data/thick_smears/Thick_Uninfected/Image1781.jpg,Image1781.jpg,uninfected,0,thick,thick_baseline,3840,2160,RGB,JPEG,0.8607,True,a5e05072d8326d6907a24aa92a9ade86,
data/thick_smears/Thick_Infected/Image507.jpg,Image507.jpg,infected,1,thick,thick_baseline,3840,2160,RGB,JPEG,0.6902,True,543dbd144a757e4a1cd174eddc6d9282,
data/thick_smears/Thick_Infected/Image299.jpg,Image299.jpg,infected,1,thick,thick_baseline,3840,2160,RGB,JPEG,0.6838,True,cc61eaf04a99525da0d4e20d217aa743,
data/thick_smears/Thick_Infected/Image771.jpg,Image771.jpg,infected,1,thick,thick_baseline,3840,2160,RGB,JPEG,0.6118,True,ffe95426d612ce5e4b5f1c6992826b83,
data/thick_smears/Thick_Uninfected/Image1435.jpg,Image1435.jpg,uninfected,0,thick,thick_baseline,3840,2160,RGB,JPEG,0.9526,True,9ac4d3a4b25fb4b629032437fc736512,
data/thick_smears/Thick_Uninfected/Image1592.jpg,Image1592.jpg,uninfected,0,thick,thick_baseline,3840,2160,RGB,JPEG,0.9149,True,9ff3861acf246179a268997057ec03b1,
data/thick_smears/Thick_Infected/Image610.jpg,Image610.jpg,infected,1,thick,thick_baseline,3840,2160,RGB,JPEG,0.6407,True,de185c11cbe4a33bb371158f585c4ab8,
data/thick_smears/Thick_Infected/Image85.jpg,Image85.jpg,infected,1,thick,thick_baseline,3840,2160,RGB,JPEG,0.3945,True,116a39372f46e54845347914a1addf77,
data/thick_smears/Thick_Uninfected/Image2050.jpg,Image2050.jpg,uninfected,0,thick,thick_baseline,3840,2160,RGB,JPEG,0.9139,True,48997331b610d0b3376d7579b6172d1a,
data/thick_smears/Thick_Infected/Image257.jpg,Image257.jpg,infected,1,thick,thick_baseline,3840,2160,RGB,JPEG,0.5888,True,2a1bebef284be8d239ff27895f5234bd,
data/thick_smears/Thick_Uninfected/Image1847.jpg,Image1847.jpg,uninfected,0,thick,thick_baseline,3840,2160,RGB,JPEG,0.8478,True,37581b02a5e633e4998cf7a0e10f70c5,
data/thick_smears/Thick_Uninfected/Image2117.jpg,Image2117.jpg,uninfected,0,thick,thick_baseline,3840,2160,RGB,JPEG,0.8894,True,40238184d7774164fee4564a07910c87,
data/thick_smears/Thick_Infected/Image223.jpg,Image223.jpg,infected,1,thick,thick_baseline,3840,2160,RGB,JPEG,0.5071,True,e5f06390d91e59bc4360701373b1f974,
data/thick_smears/Thick_Infected/Image685.jpg,Image685.jpg,infected,1,thick,thick_baseline,3840,2160,RGB,JPEG,0.6927,True,33ec037a20fd07820142ea25f415bf0d,
data/thick_smears/Thick_Infected/Image191.jpg,Image191.jpg,infected,1,thick,thick_baseline,3840,2160,RGB,JPEG,0.697,True,e1aa704bd488904b98d4a4685329d9d0,
data/thick_smears/Thick_Uninfected/Image1816.jpg,Image1816.jpg,uninfected,0,thick,thick_baseline,3840,2160,RGB,JPEG,0.9372,True,0383005d515787734d4666b115880992,
data/thick_smears/Thick_Uninfected/Image1531.jpg,Image1531.jpg,uninfected,0,thick,thick_baseline,3840,2160,RGB,JPEG,1.0124,True,d03a4cc1442a1dc066d5321b0970a4eb,
data/thick_smears/Thick_Uninfected/Image1940.jpg,Image1940.jpg,uninfected,0,thick,thick_baseline,3840,2160,RGB,JPEG,0.9906,True,978cb33dd1e6c16d80813a58b0ea70d4,
data/thick_smears/Thick_Infected/Image493.jpg,Image493.jpg,infected,1,thick,thick_baseline,3840,2160,RGB,JPEG,0.6953,True,482bbf51201d1c3119e3d71b7f4d3c18,
data/thick_smears/Thick_Infected/Image434.jpg,Image434.jpg,infected,1,thick,thick_baseline,3840,2160,RGB,JPEG,0.6591,True,65cec8c6d4b83f28ef6c63680db1dded,
data/thick_smears/Thick_Uninfected/Image2048.jpg,Image2048.jpg,uninfected,0,thick,thick_baseline,3840,2160,RGB,JPEG,0.8856,True,c55ecfc76c10b19b9cbab634646770c0,
data/thick_smears/Thick_Infected/Image305.jpg,Image305.jpg,infected,1,thick,thick_baseline,3840,2160,RGB,JPEG,0.6055,True,fe68f361fc90b75b774f832dbce26227,
data/thick_smears/Thick_Infected/Image817.jpg,Image817.jpg,infected,1,thick,thick_baseline,3840,2160,RGB,JPEG,0.7756,True,cbedd56df17047ba55987ffbf073e4ff,
data/thick_smears/Thick_Infected/Image1079.jpg,Image1079.jpg,infected,1,thick,thick_baseline,1640,922,RGBA,PNG,1.5034,True,e877dcaeb642c3510d7e4b09d7db6f42,
data/thick_smears/Thick_Uninfected/Image1365.jpg,Image1365.jpg,uninfected,0,thick,thick_baseline,3840,2160,RGB,JPEG,1.0149,True,44d38799c5e8295390282fc9617f3584,
data/thick_smears/Thick_Uninfected/Image1892.jpg,Image1892.jpg,uninfected,0,thick,thick_baseline,3840,2160,RGB,JPEG,0.9281,True,2ce2bf6dfafcf64837a911e23ab7b739,
data/thick_smears/Thick_Uninfected/Image41244.jpg,Image41244.jpg,uninfected,0,thick,thick_baseline,3840,2160,RGB,JPEG,0.8979,True,fbeabd72339d8fdaee22b8d3038efe6f,
data/thick_smears/Thick_Infected/Image430.jpg,Image430.jpg,infected,1,thick,thick_baseline,3840,2160,RGB,JPEG,0.6317,True,50534dc4e2871a5fdc0ba4a556154dd6,
data/thick_smears/Thick_Uninfected/Image2139.jpg,Image2139.jpg,uninfected,0,thick,thick_baseline,3840,2160,RGB,JPEG,0.9031,True,cbefa00e846c0ef5bbf002574b99e391,
data/thick_smears/Thick_Uninfected/Image1563.jpg,Image1563.jpg,uninfected,0,thick,thick_baseline,3840,2160,RGB,JPEG,0.8682,True,d0f83fb96c4664d6c7b68617c4faaad1,
data/thick_smears/Thick_Uninfected/Image1578.jpg,Image1578.jpg,uninfected,0,thick,thick_baseline,3840,2160,RGB,JPEG,0.8977,True,81c653a8bebc495d90e6e2a00ab877e3,
data/thick_smears/Thick_Infected/Image851.jpg,Image851.jpg,infected,1,thick,thick_baseline,3840,2160,RGB,JPEG,0.8753,True,1564512c8ee365bfec75a48b41521ad9,
data/thick_smears/Thick_Uninfected/Image1836.jpg,Image1836.jpg,uninfected,0,thick,thick_baseline,3840,2160,RGB,JPEG,0.9098,True,f48742667fa765cb438865e87e1c61b9,
data/thick_smears/Thick_Infected/Image994.jpg,Image994.jpg,infected,1,thick,thick_baseline,3840,2160,RGB,JPEG,0.6744,True,524e4aa9a15fcb326c91f2b519c392f7,
data/thick_smears/Thick_Uninfected/Image2173.jpg,Image2173.jpg,uninfected,0,thick,thick_baseline,1640,922,RGBA,PNG,1.676,True,297450c392525224683fdf0955d3ade8,
data/thick_smears/Thick_Uninfected/Image1609.jpg,Image1609.jpg,uninfected,0,thick,thick_baseline,3840,2160,RGB,JPEG,0.9482,True,61f498ae47d36c84b8ffc80fcbff24f2,
data/thick_smears/Thick_Infected/Image79.jpg,Image79.jpg,infected,1,thick,thick_baseline,3840,2160,RGB,JPEG,0.4048,True,c3d450fbea9a859be2f7b15ae17a7b87,
data/thick_smears/Thick_Infected/Image1060.jpg,Image1060.jpg,infected,1,thick,thick_baseline,1640,922,RGBA,PNG,1.814,True,532363a78ebd3c7802a1cf494552bf67,
data/thick_smears/Thick_Infected/Image269.jpg,Image269.jpg,infected,1,thick,thick_baseline,3840,2160,RGB,JPEG,0.5319,True,8778376e1a98dd94c9efcebccce32273,
data/thick_smears/Thick_Infected/Image995.jpg,Image995.jpg,infected,1,thick,thick_baseline,3840,2160,RGB,JPEG,0.6712,True,11bb5272daa4245397a8a3bed8a91f6b,
data/thick_smears/Thick_Infected/Image238.jpg,Image238.jpg,infected,1,thick,thick_baseline,3840,2160,RGB,JPEG,0.7141,True,983bdc44d5955d80b92e838b6dd35e0e,
data/thick_smears/Thick_Uninfected/Image1571.jpg,Image1571.jpg,uninfected,0,thick,thick_baseline,3840,2160,RGB,JPEG,0.8908,True,db54f840e172ed61bd7108052e393705,
data/thick_smears/Thick_Uninfected/Image1950.jpg,Image1950.jpg,uninfected,0,thick,thick_baseline,3840,2160,RGB,JPEG,0.935,True,8088b9370cf142a32b3072cbedf87198,
data/thick_smears/Thick_Infected/Image263.jpg,Image263.jpg,infected,1,thick,thick_baseline,3840,2160,RGB,JPEG,0.8253,True,fba90246899c3b70ca025e7407822bed,
data/thick_smears/Thick_Infected/Image69.jpg,Image69.jpg,infected,1,thick,thick_baseline,3840,2160,RGB,JPEG,0.5481,True,3db38f4d60fa9414adc1519198fd4115,
data/thick_smears/Thick_Uninfected/Image2075.jpg,Image2075.jpg,uninfected,0,thick,thick_baseline,3840,2160,RGB,JPEG,0.9916,True,1b97c662a1a9dbc4b3919c8b6777fd07,
data/thick_smears/Thick_Uninfected/Image1729.jpg,Image1729.jpg,uninfected,0,thick,thick_baseline,3840,2160,RGB,JPEG,0.9504,True,7d614a8bd09441b81f7dce4c104a8b0b,
data/thick_smears/Thick_Infected/Image18.jpg,Image18.jpg,infected,1,thick,thick_baseline,3840,2160,RGB,JPEG,0.614,True,2e42b4c7e45bb04f22fd8c9946306b90,
data/thick_smears/Thick_Infected/Image775.jpg,Image775.jpg,infected,1,thick,thick_baseline,3840,2160,RGB,JPEG,0.6558,True,1a8912c87836277062134e595428350b,
data/thick_smears/Thick_Infected/Image1129.jpg,Image1129.jpg,infected,1,thick,thick_baseline,1640,922,RGBA,PNG,1.6624,True,1084439d4b75b0bd6e228f8d75bc0964,
data/thick_smears/Thick_Infected/Image729.jpg,Image729.jpg,infected,1,thick,thick_baseline,3840,2160,RGB,JPEG,0.7059,True,8d7714d45f9e84e6995f55481d94315d,
data/thick_smears/Thick_Infected/Image557.jpg,Image557.jpg,infected,1,thick,thick_baseline,3840,2160,RGB,JPEG,0.5909,True,2b458069f196ab33ae7383ac52914841,
data/thick_smears/Thick_Uninfected/Image1726.jpg,Image1726.jpg,uninfected,0,thick,thick_baseline,3840,2160,RGB,JPEG,0.9199,True,2b1df3b875455eb7a212249a7ae28e61,
data/thick_smears/Thick_Uninfected/Image1279.jpg,Image1279.jpg,uninfected,0,thick,thick_baseline,3840,2160,RGB,JPEG,0.4501,True,318c1685eeb636aa01d78899fd9e493e,
data/thick_smears/Thick_Infected/Image271.jpg,Image271.jpg,infected,1,thick,thick_baseline,3840,2160,RGB,JPEG,1.0389,True,a73779483766d264746085ede3b665a2,
data/thick_smears/Thick_Infected/Image999.jpg,Image999.jpg,infected,1,thick,thick_baseline,3840,2160,RGB,JPEG,0.5094,True,565ad710f1b0e50584d36a41a40adad3,
data/thick_smears/Thick_Infected/Image881.jpg,Image881.jpg,infected,1,thick,thick_baseline,3840,2160,RGB,JPEG,0.7566,True,9083b657e06abf5ffbca22285a530678,
data/thick_smears/Thick_Uninfected/Image1510.jpg,Image1510.jpg,uninfected,0,thick,thick_baseline,3840,2160,RGB,JPEG,0.8924,True,7718980740aa4f97a5d5d168e2bb5bad,
data/thick_smears/Thick_Uninfected/Image2163.jpg,Image2163.jpg,uninfected,0,thick,thick_baseline,1640,922,RGBA,PNG,1.7123,True,55d76c026e083af6d4cf68e25f2b683d,
data/thick_smears/Thick_Uninfected/Image2040.jpg,Image2040.jpg,uninfected,0,thick,thick_baseline,3840,2160,RGB,JPEG,0.9046,True,19f099f387cd96b7f1cc9da4fa438a92,
data/thick_smears/Thick_Infected/Image260.jpg,Image260.jpg,infected,1,thick,thick_baseline,3840,2160,RGB,JPEG,0.587,True,1d2524d003e4fd1772e9f57065b52754,
data/thick_smears/Thick_Uninfected/Image1704.jpg,Image1704.jpg,uninfected,0,thick,thick_baseline,3840,2160,RGB,JPEG,0.8331,True,25a4fed93bdb837092a6b816773b0def,
data/thick_smears/Thick_Uninfected/Image1591.jpg,Image1591.jpg,uninfected,0,thick,thick_baseline,3840,2160,RGB,JPEG,0.9304,True,a1f0206d94342089966b637bc755559b,
data/thick_smears/Thick_Uninfected/Image1826.jpg,Image1826.jpg,uninfected,0,thick,thick_baseline,3840,2160,RGB,JPEG,0.9335,True,f21ab1c3a671b3f7ec08fee0e970febc,
data/thick_smears/Thick_Infected/Image496.jpg,Image496.jpg,infected,1,thick,thick_baseline,3840,2160,RGB,JPEG,0.6389,True,1e94642f35f3ebc6ad34d37ac07cce2a,
data/thick_smears/Thick_Uninfected/Image1461.jpg,Image1461.jpg,uninfected,0,thick,thick_baseline,3840,2160,RGB,JPEG,1.0128,True,4833118e52b6ed0add5b823c8473a254,
data/thick_smears/Thick_Uninfected/Image2150.jpg,Image2150.jpg,uninfected,0,thick,thick_baseline,1640,922,RGBA,PNG,1.726,True,c7aa9ff0432cbcf1f7159aa34123634a,
data/thick_smears/Thick_Uninfected/Image1160.jpg,Image1160.jpg,uninfected,0,thick,thick_baseline,3840,2160,RGB,JPEG,0.3179,True,98544f523e8b121432636faf60b28dbb,
data/thick_smears/Thick_Uninfected/Image1832.jpg,Image1832.jpg,uninfected,0,thick,thick_baseline,3840,2160,RGB,JPEG,0.9544,True,9d587eb503b4f69c95a097c25bcfb473,
data/thick_smears/Thick_Uninfected/Image1860.jpg,Image1860.jpg,uninfected,0,thick,thick_baseline,3840,2160,RGB,JPEG,0.9417,True,30492b21c4c63f890399e0460c967b34,
data/thick_smears/Thick_Uninfected/Image1468.jpg,Image1468.jpg,uninfected,0,thick,thick_baseline,3840,2160,RGB,JPEG,0.9688,True,900da6d1afcf8002332fa9bd5b41403c,
data/thick_smears/Thick_Infected/Image131.jpg,Image131.jpg,infected,1,thick,thick_baseline,3840,2160,RGB,JPEG,0.4145,True,4dd0688c705c7eae637a26f26ae2880c,
data/thick_smears/Thick_Uninfected/Image1990.jpg,Image1990.jpg,uninfected,0,thick,thick_baseline,3840,2160,RGB,JPEG,1.0096,True,6b6045f32b3f7dd35f32dc8c9c4267f8,
data/thick_smears/Thick_Infected/Image114.jpg,Image114.jpg,infected,1,thick,thick_baseline,3840,2160,RGB,JPEG,0.5389,True,bc335971273fe6bca3b24d0308d1daa1,
data/thick_smears/Thick_Uninfected/Image1649.jpg,Image1649.jpg,uninfected,0,thick,thick_baseline,3840,2160,RGB,JPEG,0.9112,True,7a4cc9066b5fab4f20c152165a5f0067,
data/thick_smears/Thick_Uninfected/Image1311.jpg,Image1311.jpg,uninfected,0,thick,thick_baseline,3840,2160,RGB,JPEG,0.4715,True,e226c229d4b994dde7d7951d72bb3124,
data/thick_smears/Thick_Infected/Image456.jpg,Image456.jpg,infected,1,thick,thick_baseline,3840,2160,RGB,JPEG,0.5821,True,0476ddcb05dc025f35c1142c76af47df,
data/thick_smears/Thick_Infected/Image23.jpg,Image23.jpg,infected,1,thick,thick_baseline,3840,2160,RGB,JPEG,0.6589,True,1d11271c1d62928f7471573387e69f48,
data/thick_smears/Thick_Uninfected/Image2141.jpg,Image2141.jpg,uninfected,0,thick,thick_baseline,3840,2160,RGB,JPEG,0.9493,True,3d0d8c1bcc338209012f9b03cdf8a088,
data/thick_smears/Thick_Uninfected/Image1407.jpg,Image1407.jpg,uninfected,0,thick,thick_baseline,3840,2160,RGB,JPEG,0.9158,True,af47726e913beedb9ffcd2ff5df157d0,
data/thick_smears/Thick_Infected/Image216.jpg,Image216.jpg,infected,1,thick,thick_baseline,3840,2160,RGB,JPEG,0.4837,True,e1d10af9ce3220e739907d191698e2f2,
data/thick_smears/Thick_Infected/Image429.jpg,Image429.jpg,infected,1,thick,thick_baseline,3840,2160,RGB,JPEG,0.596,True,f17aae549f97e7cd822dd8f0b9752791,
data/thick_smears/Thick_Infected/Image462.jpg,Image462.jpg,infected,1,thick,thick_baseline,3840,2160,RGB,JPEG,0.6661,True,c9d50f95544b2c24a80971cdab55fce3,
data/thick_smears/Thick_Uninfected/Image1740.jpg,Image1740.jpg,uninfected,0,thick,thick_baseline,3840,2160,RGB,JPEG,0.9841,True,9ea813d5524448d681f346b8179fe57a,
data/thick_smears/Thick_Uninfected/Image1185.jpg,Image1185.jpg,uninfected,0,thick,thick_baseline,3840,2160,RGB,JPEG,0.3711,True,4b02d6d5005a97f661880efc49e6e3e3,
data/thick_smears/Thick_Infected/Image470.jpg,Image470.jpg,infected,1,thick,thick_baseline,3840,2160,RGB,JPEG,0.5672,True,465af17a81d67948367305b9670fffb8,
data/thick_smears/Thick_Uninfected/Image1799.jpg,Image1799.jpg,uninfected,0,thick,thick_baseline,3840,2160,RGB,JPEG,0.9073,True,d24236d1f7d6da91ace4e3bf8df5a624,
data/thick_smears/Thick_Infected/Image759.jpg,Image759.jpg,infected,1,thick,thick_baseline,3840,2160,RGB,JPEG,0.5811,True,3e99cb37307a8daa70af2eb464f8d840,
data/thick_smears/Thick_Infected/Image1085.jpg,Image1085.jpg,infected,1,thick,thick_baseline,1640,922,RGBA,PNG,1.8141,True,e97afa1185d2e069d8f26454e9ccf4f5,
data/thick_smears/Thick_Uninfected/Image1838.jpg,Image1838.jpg,uninfected,0,thick,thick_baseline,3840,2160,RGB,JPEG,0.8417,True,9e11920c79fa939ef9528df25e1004d8,
data/thick_smears/Thick_Uninfected/Image1988.jpg,Image1988.jpg,uninfected,0,thick,thick_baseline,3840,2160,RGB,JPEG,1.0055,True,5726369f515c07122f18feea2ede390a,
data/thick_smears/Thick_Uninfected/Image2058.jpg,Image2058.jpg,uninfected,0,thick,thick_baseline,3840,2160,RGB,JPEG,0.897,True,bf95cda1fea055b660967dadc90ec34e,
data/thick_smears/Thick_Uninfected/Image1172.jpg,Image1172.jpg,uninfected,0,thick,thick_baseline,3840,2160,RGB,JPEG,0.34,True,c8e1fcfbd8131e01fac9fced8dbf7b16,
data/thick_smears/Thick_Infected/Image332.jpg,Image332.jpg,infected,1,thick,thick_baseline,3840,2160,RGB,JPEG,0.5962,True,cce6f4ba09d9b614fe1226126e82052d,
data/thick_smears/Thick_Uninfected/Image1152.jpg,Image1152.jpg,uninfected,0,thick,thick_baseline,3840,2160,RGB,JPEG,0.5733,True,b53682433eadd13320eb9eae44626b4c,
data/thick_smears/Thick_Uninfected/Image1232.jpg,Image1232.jpg,uninfected,0,thick,thick_baseline,3840,2160,RGB,JPEG,0.3651,True,d5146bf592befe2d928520a4b277f9eb,
data/thick_smears/Thick_Infected/Image211.jpg,Image211.jpg,infected,1,thick,thick_baseline,3840,2160,RGB,JPEG,0.616,True,2785ea411d38388932352910ae250fd9,
data/thick_smears/Thick_Infected/Image210.jpg,Image210.jpg,infected,1,thick,thick_baseline,3840,2160,RGB,JPEG,0.5676,True,f74d52c4c43fd93c0de7443835bf13ff,
data/thick_smears/Thick_Infected/Image549.jpg,Image549.jpg,infected,1,thick,thick_baseline,3840,2160,RGB,JPEG,0.6316,True,b0454e9b7afea8051eb3e79a07c93822,
data/thick_smears/Thick_Uninfected/Image1479.jpg,Image1479.jpg,uninfected,0,thick,thick_baseline,3840,2160,RGB,JPEG,1.0254,True,7542ffe4128788ec48d9e785a06d3f69,
data/thick_smears/Thick_Uninfected/Image2161.jpg,Image2161.jpg,uninfected,0,thick,thick_baseline,1640,922,RGBA,PNG,1.6637,True,fed9f36839761a1ea4dceb825d196361,
data/thick_smears/Thick_Infected/Image1069.jpg,Image1069.jpg,infected,1,thick,thick_baseline,1640,922,RGBA,PNG,1.8161,True,89a565fd98e8b90bd8cd76ad9c331619,
data/thick_smears/Thick_Infected/Image171.jpg,Image171.jpg,infected,1,thick,thick_baseline,3840,2160,RGB,JPEG,0.5103,True,3e66471c7c017d66cdd2d8d7485562d4,
data/thick_smears/Thick_Infected/Image331.jpg,Image331.jpg,infected,1,thick,thick_baseline,3840,2160,RGB,JPEG,0.7543,True,9af0b8f7016690a9192d4f7a6c79e307,
data/thick_smears/Thick_Uninfected/Image2024.jpg,Image2024.jpg,uninfected,0,thick,thick_baseline,3840,2160,RGB,JPEG,0.8829,True,05960c6727fa1a4f41f68f66017bea86,
data/thick_smears/Thick_Uninfected/Image2085.jpg,Image2085.jpg,uninfected,0,thick,thick_baseline,3840,2160,RGB,JPEG,0.9068,True,87776ca8335bb94b61fc5b8b7e83c835,
data/thick_smears/Thick_Uninfected/Image1576.jpg,Image1576.jpg,uninfected,0,thick,thick_baseline,3840,2160,RGB,JPEG,0.9645,True,616e1b33975bb6fb9272b9fc0086540f,
data/thick_smears/Thick_Infected/Image307.jpg,Image307.jpg,infected,1,thick,thick_baseline,3840,2160,RGB,JPEG,0.6001,True,30d5f7dd1fe966b346365c4f8516437b,
data/thick_smears/Thick_Uninfected/Image1289.jpg,Image1289.jpg,uninfected,0,thick,thick_baseline,3840,2160,RGB,JPEG,0.3996,True,b61fe7a912cb5b14606612d1654cb399,
data/thick_smears/Thick_Infected/Image16.jpg,Image16.jpg,infected,1,thick,thick_baseline,3840,2160,RGB,JPEG,0.6762,True,dc80de538f4ed653165d5fac37763c73,
data/thick_smears/Thick_Uninfected/Image1985.jpg,Image1985.jpg,uninfected,0,thick,thick_baseline,3840,2160,RGB,JPEG,0.9988,True,38a9712199eaac9fc7fe9b314f90a813,
data/thick_smears/Thick_Uninfected/Image1318.jpg,Image1318.jpg,uninfected,0,thick,thick_baseline,3840,2160,RGB,JPEG,0.5193,True,7e9d83588a34c99fbe004ba8ccf69241,
data/thick_smears/Thick_Uninfected/Image2047.jpg,Image2047.jpg,uninfected,0,thick,thick_baseline,3840,2160,RGB,JPEG,0.8927,True,0384f45e50fd73687f700f1c2a0dc3a3,
data/thick_smears/Thick_Uninfected/Image1861.jpg,Image1861.jpg,uninfected,0,thick,thick_baseline,3840,2160,RGB,JPEG,0.9407,True,724a53dea586f7f29629e7906d81fb44,
data/thick_smears/Thick_Infected/Image872.jpg,Image872.jpg,infected,1,thick,thick_baseline,3840,2160,RGB,JPEG,0.6645,True,9076375d4e72f6cebe97d490ccf89bc6,
data/thick_smears/Thick_Uninfected/Image1764.jpg,Image1764.jpg,uninfected,0,thick,thick_baseline,3840,2160,RGB,JPEG,0.9347,True,a75e44446f8e95ea0a3367c58dba5a30,
data/thick_smears/Thick_Infected/Image587.jpg,Image587.jpg,infected,1,thick,thick_baseline,3840,2160,RGB,JPEG,0.5466,True,2702a944746cf39b9a492e0992754af9,
data/thick_smears/Thick_Uninfected/Image1284.jpg,Image1284.jpg,uninfected,0,thick,thick_baseline,3840,2160,RGB,JPEG,0.463,True,d6866ce1084fa7fb62c7ddf7c030da64,
data/thick_smears/Thick_Infected/Image883.jpg,Image883.jpg,infected,1,thick,thick_baseline,3840,2160,RGB,JPEG,0.7239,True,6f4c56a77530df49cd186a78742c9e10,
data/thick_smears/Thick_Infected/Image916.jpg,Image916.jpg,infected,1,thick,thick_baseline,3840,2160,RGB,JPEG,0.6473,True,a22af140c9c8797cc02d3879e163ac3a,
data/thick_smears/Thick_Infected/Image1025.jpg,Image1025.jpg,infected,1,thick,thick_baseline,3840,2160,RGB,JPEG,0.6625,True,73c677cb5eafea794ea484ddce75324e,
data/thick_smears/Thick_Infected/Image843.jpg,Image843.jpg,infected,1,thick,thick_baseline,3840,2160,RGB,JPEG,0.7629,True,ed2e32596ff3ef85922db5c154caf9b9,
data/thick_smears/Thick_Infected/Image722.jpg,Image722.jpg,infected,1,thick,thick_baseline,3840,2160,RGB,JPEG,0.6522,True,1593d82d4a787aa0460593e671af83b3,
data/thick_smears/Thick_Uninfected/Image2177.jpg,Image2177.jpg,uninfected,0,thick,thick_baseline,1640,922,RGBA,PNG,1.7271,True,928dec088e124dc5f0364d942a03d95e,
data/thick_smears/Thick_Infected/Image684.jpg,Image684.jpg,infected,1,thick,thick_baseline,3840,2160,RGB,JPEG,0.6703,True,bf691f0ac3e2c856f05f495991faad7f,
data/thick_smears/Thick_Infected/Image1130.jpg,Image1130.jpg,infected,1,thick,thick_baseline,1640,922,RGBA,PNG,1.6835,True,993004e6dff1adb5fb7b7480e15e36d3,
data/thick_smears/Thick_Infected/Image966.jpg,Image966.jpg,infected,1,thick,thick_baseline,3840,2160,RGB,JPEG,0.7181,True,246957dc4c4287c4771de431572e5c21,
data/thick_smears/Thick_Uninfected/Image2198.jpg,Image2198.jpg,uninfected,0,thick,thick_baseline,1640,922,RGBA,PNG,1.7597,True,4aa2032213749cd37d8782f0f15ffdfb,
data/thick_smears/Thick_Uninfected/Image2108.jpg,Image2108.jpg,uninfected,0,thick,thick_baseline,3840,2160,RGB,JPEG,0.92,True,bb334ecc6e8b5e0c1af49016c557160e,
data/thick_smears/Thick_Uninfected/Image1204.jpg,Image1204.jpg,uninfected,0,thick,thick_baseline,3840,2160,RGB,JPEG,0.3705,True,19dcbe1e0e91f8a49a2881dcd1dc5b7d,
data/thick_smears/Thick_Infected/Image431.jpg,Image431.jpg,infected,1,thick,thick_baseline,3840,2160,RGB,JPEG,0.6468,True,8bf35d79a89937be2fac6d80f8ede9f1,
data/thick_smears/Thick_Uninfected/Image1936.jpg,Image1936.jpg,uninfected,0,thick,thick_baseline,3840,2160,RGB,JPEG,0.9263,True,18865ff4180db704721c18f8d3de432a,
data/thick_smears/Thick_Infected/Image1047.jpg,Image1047.jpg,infected,1,thick,thick_baseline,3840,2160,RGB,JPEG,0.613,True,c774195f23da1dfb38e66061c71f291c,
data/thick_smears/Thick_Uninfected/Image1827.jpg,Image1827.jpg,uninfected,0,thick,thick_baseline,3840,2160,RGB,JPEG,0.922,True,d32b59c316cdb24af061734a282a8371,
data/thick_smears/Thick_Uninfected/Image1721.jpg,Image1721.jpg,uninfected,0,thick,thick_baseline,3840,2160,RGB,JPEG,0.9967,True,cb72e411155cc9aa4300ea4531f54edc,
data/thick_smears/Thick_Infected/Image1056.jpg,Image1056.jpg,infected,1,thick,thick_baseline,3840,2160,RGB,JPEG,0.6235,True,ee4f4a9012aa306fa1a3db5833af2e06,
data/thick_smears/Thick_Infected/Image964.jpg,Image964.jpg,infected,1,thick,thick_baseline,3840,2160,RGB,JPEG,0.7048,True,3954df9e40cae553ebd51e88999f2b72,
data/thick_smears/Thick_Infected/Image355.jpg,Image355.jpg,infected,1,thick,thick_baseline,3840,2160,RGB,JPEG,0.6811,True,ab5cd211b2fec89de1f90d3bd656b340,
data/thick_smears/Thick_Uninfected/Image1519.jpg,Image1519.jpg,uninfected,0,thick,thick_baseline,3840,2160,RGB,JPEG,1.0593,True,a34387fe11efa241eb0a30b10f87192a,
data/thick_smears/Thick_Infected/Image116.jpg,Image116.jpg,infected,1,thick,thick_baseline,3840,2160,RGB,JPEG,0.4193,True,70df4682d8c945899849c90d26b1a2df,
data/thick_smears/Thick_Uninfected/Image1477.jpg,Image1477.jpg,uninfected,0,thick,thick_baseline,3840,2160,RGB,JPEG,0.9399,True,43578ad3dafa8cac2a5e8fd036bd222c,
data/thick_smears/Thick_Infected/Image570.jpg,Image570.jpg,infected,1,thick,thick_baseline,3840,2160,RGB,JPEG,0.5935,True,acd627bf3c9d2d2d8a4c22b4257658c6,
data/thick_smears/Thick_Infected/Image608.jpg,Image608.jpg,infected,1,thick,thick_baseline,3840,2160,RGB,JPEG,0.6554,True,9e81f6443ab665d564c63bceceeeff77,
data/thick_smears/Thick_Uninfected/Image2052.jpg,Image2052.jpg,uninfected,0,thick,thick_baseline,3840,2160,RGB,JPEG,0.8204,True,b42bdd7179159cf390419e7d9f8fe731,
data/thick_smears/Thick_Infected/Image936.jpg,Image936.jpg,infected,1,thick,thick_baseline,3840,2160,RGB,JPEG,0.6802,True,107767313a76429a7776ed264d087974,
data/thick_smears/Thick_Infected/Image864.jpg,Image864.jpg,infected,1,thick,thick_baseline,3840,2160,RGB,JPEG,0.7596,True,5d7bc26e021a4fbcbcafe9b1e2853735,
data/thick_smears/Thick_Uninfected/Image1438.jpg,Image1438.jpg,uninfected,0,thick,thick_baseline,3840,2160,RGB,JPEG,0.999,True,bfb43db3d031664e9f7c11a4bb224463,
data/thick_smears/Thick_Uninfected/Image1251.jpg,Image1251.jpg,uninfected,0,thick,thick_baseline,3840,2160,RGB,JPEG,0.3822,True,a20404e086400f18e2f75260508b9e8d,
data/thick_smears/Thick_Infected/Image77.jpg,Image77.jpg,infected,1,thick,thick_baseline,3840,2160,RGB,JPEG,0.4971,True,f977c8e0f21fe433643d7448a0ef46c2,
data/thick_smears/Thick_Uninfected/Image1710.jpg,Image1710.jpg,uninfected,0,thick,thick_baseline,3840,2160,RGB,JPEG,0.9383,True,07f37858440b4dc65ef225bad46bccbd,
data/thick_smears/Thick_Uninfected/Image1498.jpg,Image1498.jpg,uninfected,0,thick,thick_baseline,3840,2160,RGB,JPEG,0.8336,True,5649ba7502e900fae9f114f27b4b9a55,
data/thick_smears/Thick_Infected/Image986.jpg,Image986.jpg,infected,1,thick,thick_baseline,3840,2160,RGB,JPEG,0.6524,True,4cf42301bc7899a5d98fb1d35a9c2ec0,
data/thick_smears/Thick_Infected/Image875.jpg,Image875.jpg,infected,1,thick,thick_baseline,3840,2160,RGB,JPEG,0.7013,True,336c0732152000f5b01372e03b396d1a,
data/thick_smears/Thick_Infected/Image359.jpg,Image359.jpg,infected,1,thick,thick_baseline,3840,2160,RGB,JPEG,0.6685,True,141daad33863c5c955acad734cb668f8,
data/thick_smears/Thick_Infected/Image920.jpg,Image920.jpg,infected,1,thick,thick_baseline,3840,2160,RGB,JPEG,0.6787,True,874eab5dbaca7fa3c2afeefc4eec3d46,
data/thick_smears/Thick_Infected/Image513.jpg,Image513.jpg,infected,1,thick,thick_baseline,3840,2160,RGB,JPEG,0.6754,True,2910a991050916d7ca50ad3e80dafa37,
data/thick_smears/Thick_Infected/Image943.jpg,Image943.jpg,infected,1,thick,thick_baseline,3840,2160,RGB,JPEG,0.6726,True,1b7a675171079dbfa9d1f3d4fe0f2e67,
data/thick_smears/Thick_Infected/Image353.jpg,Image353.jpg,infected,1,thick,thick_baseline,3840,2160,RGB,JPEG,0.6655,True,8dc6db373034033c487809c066b0e6bf,
data/thick_smears/Thick_Uninfected/Image1583.jpg,Image1583.jpg,uninfected,0,thick,thick_baseline,3840,2160,RGB,JPEG,0.9681,True,71b146f83e97a73889fedc5c57c3e5b4,
data/thick_smears/Thick_Uninfected/Image1978.jpg,Image1978.jpg,uninfected,0,thick,thick_baseline,3840,2160,RGB,JPEG,0.8961,True,e8875cffdc352e3fa63381e379cb46a2,
data/thick_smears/Thick_Infected/Image564.jpg,Image564.jpg,infected,1,thick,thick_baseline,3840,2160,RGB,JPEG,0.6079,True,8731851e346880b80006b2b4a811e08c,
data/thick_smears/Thick_Infected/Image1112.jpg,Image1112.jpg,infected,1,thick,thick_baseline,1640,922,RGBA,PNG,1.7206,True,f9369ccc289c7f2f956319ac8c3b6c91,
data/thick_smears/Thick_Uninfected/Image1546.jpg,Image1546.jpg,uninfected,0,thick,thick_baseline,3840,2160,RGB,JPEG,0.9332,True,6996ea9d9d5f49c7983792133b7f6daa,
data/thick_smears/Thick_Uninfected/Image1819.jpg,Image1819.jpg,uninfected,0,thick,thick_baseline,3840,2160,RGB,JPEG,0.911,True,11f26988f05a3de6547195b52ce4f7de,
data/thick_smears/Thick_Infected/Image704.jpg,Image704.jpg,infected,1,thick,thick_baseline,3840,2160,RGB,JPEG,0.5683,True,716eb7cef6531945768255d7a860c95d,
data/thick_smears/Thick_Infected/Image350.jpg,Image350.jpg,infected,1,thick,thick_baseline,3840,2160,RGB,JPEG,0.6947,True,172aff773ec43e5082645e34ae14bd99,
data/thick_smears/Thick_Uninfected/Image1948.jpg,Image1948.jpg,uninfected,0,thick,thick_baseline,3840,2160,RGB,JPEG,0.8777,True,b756dd60765b3d94195c03f6588be6cc,
data/thick_smears/Thick_Infected/Image607.jpg,Image607.jpg,infected,1,thick,thick_baseline,3840,2160,RGB,JPEG,0.6559,True,4e9bbfd4b81bff62111038e9128da93c,
data/thick_smears/Thick_Uninfected/Image1908.jpg,Image1908.jpg,uninfected,0,thick,thick_baseline,3840,2160,RGB,JPEG,0.9262,True,7c6e769eefee5e14e61ffadc28fc246f,
data/thick_smears/Thick_Uninfected/Image1358.jpg,Image1358.jpg,uninfected,0,thick,thick_baseline,3840,2160,RGB,JPEG,0.9663,True,2d0110b913a544790a008365f6614146,
data/thick_smears/Thick_Infected/Image486.jpg,Image486.jpg,infected,1,thick,thick_baseline,3840,2160,RGB,JPEG,0.6649,True,f639391e01b09061b4d224b17be69101,
data/thick_smears/Thick_Uninfected/Image1673.jpg,Image1673.jpg,uninfected,0,thick,thick_baseline,3840,2160,RGB,JPEG,0.9353,True,3185b5bbdbe1c62867bacf99b9a47e96,
data/thick_smears/Thick_Infected/Image633.jpg,Image633.jpg,infected,1,thick,thick_baseline,3840,2160,RGB,JPEG,0.5952,True,ab2b83cf60ce50f3721504480c15a127,
data/thick_smears/Thick_Uninfected/Image1163.jpg,Image1163.jpg,uninfected,0,thick,thick_baseline,3840,2160,RGB,JPEG,0.3827,True,0353f7d25b798d24dd8b58bce616f543,
data/thick_smears/Thick_Infected/Image233.jpg,Image233.jpg,infected,1,thick,thick_baseline,3840,2160,RGB,JPEG,0.44,True,f19683f99e4a0bd97b1fd3974f9578da,
data/thick_smears/Thick_Infected/Image296.jpg,Image296.jpg,infected,1,thick,thick_baseline,3840,2160,RGB,JPEG,0.7062,True,ab4a986dc4683a37c6a5c06e85f1d1dd,
data/thick_smears/Thick_Uninfected/Image2170.jpg,Image2170.jpg,uninfected,0,thick,thick_baseline,1640,922,RGBA,PNG,1.7391,True,093e4498f25c777b7d98e796e71e9ddc,
data/thick_smears/Thick_Infected/Image59.jpg,Image59.jpg,infected,1,thick,thick_baseline,3840,2160,RGB,JPEG,0.5305,True,17e7b1ce35f6ebfc954051e180f299d8,
data/thick_smears/Thick_Uninfected/Image1709.jpg,Image1709.jpg,uninfected,0,thick,thick_baseline,3840,2160,RGB,JPEG,0.9803,True,6b2b597a0208059b454cd31c5247fc70,
data/thick_smears/Thick_Infected/Image515.jpg,Image515.jpg,infected,1,thick,thick_baseline,3840,2160,RGB,JPEG,0.7179,True,2ef2fc90ab04a5cdc03e4fd51e3b6ea6,
data/thick_smears/Thick_Infected/Image508.jpg,Image508.jpg,infected,1,thick,thick_baseline,3840,2160,RGB,JPEG,0.7448,True,332dbf24764955cab734b6e28af5eaef,
data/thick_smears/Thick_Infected/Image277.jpg,Image277.jpg,infected,1,thick,thick_baseline,3840,2160,RGB,JPEG,0.5591,True,9efbeadb17f48c0c5727190bbc25ddea,
data/thick_smears/Thick_Infected/Image662.jpg,Image662.jpg,infected,1,thick,thick_baseline,3840,2160,RGB,JPEG,0.7888,True,41b52ee25322e41604c7bc397a628dcc,
data/thick_smears/Thick_Infected/Image01.jpg,Image01.jpg,infected,1,thick,thick_baseline,3840,2160,RGB,JPEG,0.586,True,8a4ea2f9ba8fce6e690a954c1b36a944,
data/thick_smears/Thick_Uninfected/Image1971.jpg,Image1971.jpg,uninfected,0,thick,thick_baseline,3840,2160,RGB,JPEG,0.8834,True,afbbdb78616c08782951aac87ed2b9a4,
data/thick_smears/Thick_Uninfected/Image1910.jpg,Image1910.jpg,uninfected,0,thick,thick_baseline,3840,2160,RGB,JPEG,0.8798,True,03aef134e57175cc20230248e8a44c28,
data/thick_smears/Thick_Infected/Image803.jpg,Image803.jpg,infected,1,thick,thick_baseline,3840,2160,RGB,JPEG,0.8614,True,9eb1bd556b2e8fbb64a7a03fd69865ce,
data/thick_smears/Thick_Infected/Image141.jpg,Image141.jpg,infected,1,thick,thick_baseline,3840,2160,RGB,JPEG,0.5967,True,79af4b4d61545fa7accb169eb6c26db0,
data/thick_smears/Thick_Uninfected/Image1869.jpg,Image1869.jpg,uninfected,0,thick,thick_baseline,3840,2160,RGB,JPEG,0.8694,True,43c296f702e20f5baa2769a65c7b84b7,
data/thick_smears/Thick_Infected/Image955.jpg,Image955.jpg,infected,1,thick,thick_baseline,3840,2160,RGB,JPEG,0.8519,True,7f03ddaef92b81aecd8bd53d0f0624a1,
data/thick_smears/Thick_Uninfected/Image1842.jpg,Image1842.jpg,uninfected,0,thick,thick_baseline,3840,2160,RGB,JPEG,0.8779,True,f0d8a1b79fac2852b9fe3829837ab97d,
data/thick_smears/Thick_Uninfected/Image1445.jpg,Image1445.jpg,uninfected,0,thick,thick_baseline,3840,2160,RGB,JPEG,0.8706,True,b3fa71a3543d5942a63a0ad407bce9d9,
data/thick_smears/Thick_Infected/Image166.jpg,Image166.jpg,infected,1,thick,thick_baseline,3840,2160,RGB,JPEG,0.6474,True,0a0c3a228093b88e3c253d3349fefbe5,
data/thick_smears/Thick_Infected/Image635.jpg,Image635.jpg,infected,1,thick,thick_baseline,3840,2160,RGB,JPEG,0.6202,True,b95749acb28b498e400fdf579baa28f0,
data/thick_smears/Thick_Infected/Image900.jpg,Image900.jpg,infected,1,thick,thick_baseline,3840,2160,RGB,JPEG,0.6474,True,6646ba56f411acb7456e35d5d5464f16,
data/thick_smears/Thick_Infected/Image885.jpg,Image885.jpg,infected,1,thick,thick_baseline,3840,2160,RGB,JPEG,0.6088,True,bafd7b9d57ee06eec42b19fdada9de28,
data/thick_smears/Thick_Infected/Image1011.jpg,Image1011.jpg,infected,1,thick,thick_baseline,3840,2160,RGB,JPEG,0.745,True,71232ab4bb702d5d63a268c5b6e40f05,
data/thick_smears/Thick_Uninfected/Image1813.jpg,Image1813.jpg,uninfected,0,thick,thick_baseline,3840,2160,RGB,JPEG,0.9537,True,f7f93f17bbe872836c16f9b723547f31,
data/thick_smears/Thick_Infected/Image417.jpg,Image417.jpg,infected,1,thick,thick_baseline,3840,2160,RGB,JPEG,0.639,True,e2ccc8a7fb540cc0a7fc6a06e85f3852,
data/thick_smears/Thick_Uninfected/Image1541.jpg,Image1541.jpg,uninfected,0,thick,thick_baseline,3840,2160,RGB,JPEG,0.8877,True,2009534f52a07b0c89bb1d9b5fe3e27d,
data/thick_smears/Thick_Infected/Image310.jpg,Image310.jpg,infected,1,thick,thick_baseline,3840,2160,RGB,JPEG,0.5464,True,ea107b752bfd80da0a482b7bdbdb1ed7,
data/thick_smears/Thick_Infected/Image701.jpg,Image701.jpg,infected,1,thick,thick_baseline,3840,2160,RGB,JPEG,0.5945,True,eb1f5732335dc1c252d233a1950fff8f,
data/thick_smears/Thick_Uninfected/Image1647.jpg,Image1647.jpg,uninfected,0,thick,thick_baseline,3840,2160,RGB,JPEG,0.9026,True,6673514c5f4d38c8bdadb83a7afb2bcd,
data/thick_smears/Thick_Uninfected/Image1789.jpg,Image1789.jpg,uninfected,0,thick,thick_baseline,3840,2160,RGB,JPEG,0.8386,True,fbbb3c486c2bb74622898674ddf2a8ad,
data/thick_smears/Thick_Infected/Image1045.jpg,Image1045.jpg,infected,1,thick,thick_baseline,3840,2160,RGB,JPEG,0.6284,True,4f7548a78bbe03cc6707cfb3eba5c674,
data/thick_smears/Thick_Infected/Image703.jpg,Image703.jpg,infected,1,thick,thick_baseline,3840,2160,RGB,JPEG,0.5531,True,15677c466bd2848956da724e0db6a63e,
data/thick_smears/Thick_Uninfected/Image2125.jpg,Image2125.jpg,uninfected,0,thick,thick_baseline,3840,2160,RGB,JPEG,0.8942,True,0eb493c5f7efd9abb22e36fa7780d746,
data/thick_smears/Thick_Uninfected/Image2164.jpg,Image2164.jpg,uninfected,0,thick,thick_baseline,1640,922,RGBA,PNG,1.7082,True,f03ca43ce2727d5f63dc6d98e56c0c96,
data/thick_smears/Thick_Infected/Image436.jpg,Image436.jpg,infected,1,thick,thick_baseline,3840,2160,RGB,JPEG,0.6139,True,21eabb22fec34b381059c4efd0a87b54,
data/thick_smears/Thick_Uninfected/Image1153.jpg,Image1153.jpg,uninfected,0,thick,thick_baseline,3840,2160,RGB,JPEG,0.3063,True,1da37930ea644a258ab28ec52377d3ff,
data/thick_smears/Thick_Infected/Image932.jpg,Image932.jpg,infected,1,thick,thick_baseline,3840,2160,RGB,JPEG,0.5831,True,8ae8ba970da0fb7781c6812c112dd461,
data/thick_smears/Thick_Uninfected/Image1685.jpg,Image1685.jpg,uninfected,0,thick,thick_baseline,3840,2160,RGB,JPEG,0.892,True,c5a1fbe7fd189832848b6cb2b5f04566,
data/thick_smears/Thick_Infected/Image398.jpg,Image398.jpg,infected,1,thick,thick_baseline,3840,2160,RGB,JPEG,0.6135,True,e5d630f27f7c9434b1b9b80289e21972,
data/thick_smears/Thick_Uninfected/Image1703.jpg,Image1703.jpg,uninfected,0,thick,thick_baseline,3840,2160,RGB,JPEG,0.7969,True,4843307d36db37aad69cd21e7831bc79,
data/thick_smears/Thick_Infected/Image720.jpg,Image720.jpg,infected,1,thick,thick_baseline,3840,2160,RGB,JPEG,0.6764,True,be911014d6fe8c3ccc5983fce00f4b43,
data/thick_smears/Thick_Uninfected/Image1150.jpg,Image1150.jpg,uninfected,0,thick,thick_baseline,3840,2160,RGB,JPEG,0.3711,True,a0598d2869ee19c9ab8758f66ee12d14,
data/thick_smears/Thick_Uninfected/Image2003.jpg,Image2003.jpg,uninfected,0,thick,thick_baseline,3840,2160,RGB,JPEG,0.8982,True,c23ee310556f534b5476d34e4912ebbb,
data/thick_smears/Thick_Infected/Image787.jpg,Image787.jpg,infected,1,thick,thick_baseline,3840,2160,RGB,JPEG,0.6191,True,a07c528e7c5e1288ef2d952d0a02f7f4,
data/thick_smears/Thick_Infected/Image335.jpg,Image335.jpg,infected,1,thick,thick_baseline,3840,2160,RGB,JPEG,0.5798,True,8b620aaffc65c8d0a3cd598bae029569,
data/thick_smears/Thick_Uninfected/Image1614.jpg,Image1614.jpg,uninfected,0,thick,thick_baseline,3840,2160,RGB,JPEG,0.951,True,de30f0676417b3dd82d7f884f45343ca,
data/thick_smears/Thick_Infected/Image1007.jpg,Image1007.jpg,infected,1,thick,thick_baseline,3840,2160,RGB,JPEG,0.6555,True,d6d3e61c72b76c5810a60569c3ccb4fc,
data/thick_smears/Thick_Uninfected/Image1815.jpg,Image1815.jpg,uninfected,0,thick,thick_baseline,3840,2160,RGB,JPEG,0.9036,True,34328daf6da8a117e3c1315d778cd1ac,
data/thick_smears/Thick_Infected/Image1080.jpg,Image1080.jpg,infected,1,thick,thick_baseline,1640,922,RGBA,PNG,1.641,True,43c9708ecf10b158357bc852348bffbb,
data/thick_smears/Thick_Uninfected/Image1482.jpg,Image1482.jpg,uninfected,0,thick,thick_baseline,3840,2160,RGB,JPEG,1.0556,True,f7447e43b03c3f602b566b4773d49640,
data/thick_smears/Thick_Uninfected/Image1455.jpg,Image1455.jpg,uninfected,0,thick,thick_baseline,3840,2160,RGB,JPEG,0.9677,True,0e55de92c6c7b0ddbdff857021173adf,
data/thick_smears/Thick_Uninfected/Image2076.jpg,Image2076.jpg,uninfected,0,thick,thick_baseline,3840,2160,RGB,JPEG,0.9457,True,d514742083e88e711341a54ea02e8b10,
data/thick_smears/Thick_Infected/Image887.jpg,Image887.jpg,infected,1,thick,thick_baseline,3840,2160,RGB,JPEG,0.6395,True,b224e29f9b8f1eeb397675c955c4c605,
data/thick_smears/Thick_Uninfected/Image1427.jpg,Image1427.jpg,uninfected,0,thick,thick_baseline,3840,2160,RGB,JPEG,0.959,True,d5705cf0c7acd3655ff89f708872a375,
data/thick_smears/Thick_Uninfected/Image1140.jpg,Image1140.jpg,uninfected,0,thick,thick_baseline,3840,2160,RGB,JPEG,0.3862,True,b1bc7cd67170b06d5da25e16150146e9,
data/thick_smears/Thick_Infected/Image149.jpg,Image149.jpg,infected,1,thick,thick_baseline,3840,2160,RGB,JPEG,0.4873,True,fece9a588f733b4f6e5135e1089cfe00,
data/thick_smears/Thick_Infected/Image161.jpg,Image161.jpg,infected,1,thick,thick_baseline,3840,2160,RGB,JPEG,0.4791,True,3accae5e420b2f1da81ddc92b0b9cfea,
data/thick_smears/Thick_Infected/Image342.jpg,Image342.jpg,infected,1,thick,thick_baseline,3840,2160,RGB,JPEG,0.7617,True,f5e399e86143700c3dc622df67729749,
data/thick_smears/Thick_Infected/Image1059.jpg,Image1059.jpg,infected,1,thick,thick_baseline,3840,2160,RGB,JPEG,0.6353,True,79401ea1a2f5eb8f7d8c5b1acd2a5d58,
data/thick_smears/Thick_Uninfected/Image1852.jpg,Image1852.jpg,uninfected,0,thick,thick_baseline,3840,2160,RGB,JPEG,0.8611,True,4494379c6de6f1ec6d918df6bdae5dda,
data/thick_smears/Thick_Uninfected/Image1983.jpg,Image1983.jpg,uninfected,0,thick,thick_baseline,3840,2160,RGB,JPEG,0.9909,True,100ca3ad098a06540a1d80a85652cccb,
data/thick_smears/Thick_Infected/Image626.jpg,Image626.jpg,infected,1,thick,thick_baseline,3840,2160,RGB,JPEG,0.6098,True,b85dc6b8acc22fffd6bd9eadc15c6c96,
data/thick_smears/Thick_Infected/Image54.jpg,Image54.jpg,infected,1,thick,thick_baseline,3840,2160,RGB,JPEG,0.3316,True,0ccfc6271e3fb6269fee35e87d2e23cb,
data/thick_smears/Thick_Infected/Image830.jpg,Image830.jpg,infected,1,thick,thick_baseline,3840,2160,RGB,JPEG,0.7469,True,527370266dd0091bf871b9b81f2e3943,
data/thick_smears/Thick_Infected/Image283.jpg,Image283.jpg,infected,1,thick,thick_baseline,3840,2160,RGB,JPEG,0.6541,True,32b8f736dae8c6d2b120a1e361e29acd,
data/thick_smears/Thick_Uninfected/Image2087.jpg,Image2087.jpg,uninfected,0,thick,thick_baseline,3840,2160,RGB,JPEG,0.9064,True,750b1adae480cbf2f9954a9fc4cd2153,
data/thick_smears/Thick_Uninfected/Image2004.jpg,Image2004.jpg,uninfected,0,thick,thick_baseline,3840,2160,RGB,JPEG,0.8792,True,771fe98a889493d5377f65418493aeca,
data/thick_smears/Thick_Uninfected/Image1616.jpg,Image1616.jpg,uninfected,0,thick,thick_baseline,3840,2160,RGB,JPEG,0.9436,True,fb27e0299a3e824f3bb741e4fe1bad4d,
data/thick_smears/Thick_Infected/Image554.jpg,Image554.jpg,infected,1,thick,thick_baseline,3840,2160,RGB,JPEG,0.6405,True,ce0693ea3f6bd2bb524fb4ebbb9fc248,
data/thick_smears/Thick_Uninfected/Image1730.jpg,Image1730.jpg,uninfected,0,thick,thick_baseline,3840,2160,RGB,JPEG,0.9287,True,db45d7b366bffc7e85c32e8f43d0a640,
data/thick_smears/Thick_Uninfected/Image1756.jpg,Image1756.jpg,uninfected,0,thick,thick_baseline,3840,2160,RGB,JPEG,0.9559,True,e031781804a0617cd66ac2be25fa5097,
data/thick_smears/Thick_Uninfected/Image1201.jpg,Image1201.jpg,uninfected,0,thick,thick_baseline,3840,2160,RGB,JPEG,0.3717,True,998e7ec88cd5312255deba2e670be6fd,
data/thick_smears/Thick_Uninfected/Image1364.jpg,Image1364.jpg,uninfected,0,thick,thick_baseline,3840,2160,RGB,JPEG,1.0517,True,52c3b2822fae97c4a11389b4f18f13a6,
data/thick_smears/Thick_Infected/Image763.jpg,Image763.jpg,infected,1,thick,thick_baseline,3840,2160,RGB,JPEG,0.6368,True,202c327e30a510d6b52a0d9c71cf6123,
data/thick_smears/Thick_Infected/Image1075.jpg,Image1075.jpg,infected,1,thick,thick_baseline,1640,922,RGBA,PNG,1.5467,True,ba587ee91b91ce461c2361ca174e04e3,
data/thick_smears/Thick_Infected/Image622.jpg,Image622.jpg,infected,1,thick,thick_baseline,3840,2160,RGB,JPEG,0.6336,True,08a963479a6b2b0b53a68c2edc5e045e,
data/thick_smears/Thick_Uninfected/Image1386.jpg,Image1386.jpg,uninfected,0,thick,thick_baseline,3840,2160,RGB,JPEG,1.0227,True,d74bba150edd87350887add1cac0188c,
data/thick_smears/Thick_Uninfected/Image1173.jpg,Image1173.jpg,uninfected,0,thick,thick_baseline,3840,2160,RGB,JPEG,0.3754,True,5b71d166644e70a6cfd9cca1dc948609,
data/thick_smears/Thick_Uninfected/Image1749.jpg,Image1749.jpg,uninfected,0,thick,thick_baseline,3840,2160,RGB,JPEG,1.0019,True,3544e9ebf291a228ffd0488850067147,
data/thick_smears/Thick_Uninfected/Image1485.jpg,Image1485.jpg,uninfected,0,thick,thick_baseline,3840,2160,RGB,JPEG,1.0174,True,466ba6756bdb1940684ef7e10f93d8e6,
data/thick_smears/Thick_Infected/Image240.jpg,Image240.jpg,infected,1,thick,thick_baseline,3840,2160,RGB,JPEG,0.6617,True,1b8e37a6ce41d39c3ab931fc23ad265b,
data/thick_smears/Thick_Infected/Image1118.jpg,Image1118.jpg,infected,1,thick,thick_baseline,1640,922,RGBA,PNG,1.6646,True,ef0ac4594d17d7f9cb2814f5b3893654,
data/thick_smears/Thick_Infected/Image204.jpg,Image204.jpg,infected,1,thick,thick_baseline,3840,2160,RGB,JPEG,0.5895,True,77dceda96ed70e3c8444fa2825feb4d0,
data/thick_smears/Thick_Infected/Image472.jpg,Image472.jpg,infected,1,thick,thick_baseline,3840,2160,RGB,JPEG,0.6317,True,17507ef13b352a243bc9916cc5968e42,
data/thick_smears/Thick_Infected/Image528.jpg,Image528.jpg,infected,1,thick,thick_baseline,3840,2160,RGB,JPEG,0.6813,True,66ce56c24c4a07a8f8138ca25a53d116,
data/thick_smears/Thick_Uninfected/Image1630.jpg,Image1630.jpg,uninfected,0,thick,thick_baseline,3840,2160,RGB,JPEG,0.9697,True,53d435e138843c3192a0fcbfc68c2385,
data/thick_smears/Thick_Infected/Image182.jpg,Image182.jpg,infected,1,thick,thick_baseline,3840,2160,RGB,JPEG,0.6559,True,7f26801312d8a6d0b5e3271fd91f6ab8,
data/thick_smears/Thick_Infected/Image772.jpg,Image772.jpg,infected,1,thick,thick_baseline,3840,2160,RGB,JPEG,0.7552,True,5ac876cbb9cabe32d36c052536adb218,
data/thick_smears/Thick_Uninfected/Image1589.jpg,Image1589.jpg,uninfected,0,thick,thick_baseline,3840,2160,RGB,JPEG,0.9395,True,d55d3676660ca0d8bd7a42165d228bf1,
data/thick_smears/Thick_Uninfected/Image1401.jpg,Image1401.jpg,uninfected,0,thick,thick_baseline,3840,2160,RGB,JPEG,0.9663,True,873e629e06a16087ff1340ea7b97224d,
data/thick_smears/Thick_Infected/Image861.jpg,Image861.jpg,infected,1,thick,thick_baseline,3840,2160,RGB,JPEG,0.8067,True,28bc5e1070580ea84431b277d482f55b,
data/thick_smears/Thick_Uninfected/Image1308.jpg,Image1308.jpg,uninfected,0,thick,thick_baseline,3840,2160,RGB,JPEG,0.3856,True,f41e7911cc8ca8e44f4acf5170e9de21,
data/thick_smears/Thick_Uninfected/Image2136.jpg,Image2136.jpg,uninfected,0,thick,thick_baseline,3840,2160,RGB,JPEG,0.9203,True,948cddf72952a9418abd1d08de2f015e,
data/thick_smears/Thick_Uninfected/Image1341.jpg,Image1341.jpg,uninfected,0,thick,thick_baseline,3840,2160,RGB,JPEG,0.9893,True,ed1fd9dc03c94136a3c18c9e67645a1d,
data/thick_smears/Thick_Infected/Image937.jpg,Image937.jpg,infected,1,thick,thick_baseline,3840,2160,RGB,JPEG,0.8254,True,3443bd44b71cea40b86c9d602cebeb52,
data/thick_smears/Thick_Uninfected/Image1801.jpg,Image1801.jpg,uninfected,0,thick,thick_baseline,3840,2160,RGB,JPEG,0.9617,True,7c93caee8efe662df6513142de85d3b5,
data/thick_smears/Thick_Infected/Image177.jpg,Image177.jpg,infected,1,thick,thick_baseline,3840,2160,RGB,JPEG,0.5543,True,8d3eaeb8df742e4e4fd9596f5e1dc8cc,
